mean radius,mean texture,mean perimeter,mean area,mean smoothness,mean compactness,mean concavity,mean concave points,mean symmetry,mean fractal dimension,radius error,texture error,perimeter error,area error,smoothness error,compactness error,concavity error,concave points error,symmetry error,fractal dimension error,worst radius,worst texture,worst perimeter,worst area,worst smoothness,worst compactness,worst concavity,worst concave points,worst symmetry,worst fractal dimension,target
1.6590958061113603,0.21720544864979244,1.610619899412753,1.6333385321825036,0.5763116054533334,0.5235445208924381,0.6453263097678246,1.1987447979081958,-9.35149070762117e-05,-0.12442508766051062,0.4143122637262956,-0.597142095007797,0.4251678854310009,0.4973296209672211,-0.6449044094962683,-0.1380832451070944,-0.06027643074578367,0.01979537785171389,-1.1535424133591603,-0.1489767705512808,1.567318770725133,-0.07587869873250873,1.6072230310636348,1.3849687047153874,0.4126284336595454,0.46162895045475627,0.6425844283352224,0.7018348268116393,-0.556084148552482,0.3887807417486606,0
-0.33816538834155324,-1.3899679788227854,-0.4016671905881892,-0.3870169669168897,-1.9856035705457358,-1.2578862828689785,-0.8204995865455355,-0.9491582839919424,-1.6841269641833405,-0.9642603269565841,-0.9342005676699732,-1.307868729714597,-0.8771823081867394,-0.6417876674020389,-0.7609509985690656,-0.6563411504971264,-0.487168504703948,-0.9076092367825083,-0.5192110366530597,-0.6103389740774974,-0.537720314940038,-1.6132435541653558,-0.580787585123491,-0.5291596407721768,-1.6003998111054423,-0.8715958941635655,-0.7261652911594845,-0.9006062462837919,-0.9236456362011325,-0.7972329860243618,1
0.8744574797191443,-0.651658617182722,1.0103696874190549,0.7613529830081057,1.6941018286564409,2.3599143388772084,1.6571791225816033,2.389452813891335,4.483419195209087,1.570464810424647,2.460082645948828,-0.41748473219458826,2.2830301939317708,1.7498256611350378,0.3081038918278212,0.6712213754184674,0.14707114803389618,1.9440612931523382,0.25846568674641246,1.278428581274487,1.259162702793931,-0.6835265208488974,1.3647758902822982,1.0537116945047238,0.9784334739096958,0.8562931042733155,0.4910589508853249,2.096750550975908,1.7672107546266942,1.1652165635325304,0
0.9201091641637824,-0.4985944812329528,0.8861799883858761,0.8062111841770508,0.3587551190580976,0.012174457706202702,0.46596364734973394,0.9184252431517368,0.03974383550591033,-0.919985652067829,-0.3407332629590694,-0.6268215615917974,-0.32423488450815563,-0.13424816950038004,-0.7525230339995328,-0.5708664646394802,-0.27982092592426816,0.15239450573133012,-0.773169328038954,-0.511375020496683,0.7594501602027928,-0.09809036847044468,0.721243356109614,0.6257634488812178,0.40820808178259155,-0.09583416681395938,0.2742679816422487,1.0650786226452378,0.34597300238524703,-0.15750113286268677,0
2.2639806250028145,0.5863601294698235,2.3019425573641152,2.4089513007810384,0.7713622484283726,1.7477910662156182,1.9280785920268575,2.649489506615323,0.07958118591889787,-0.1908370999936425,2.3156127063010743,-0.902366431830238,2.4292175925852,2.205278766650607,-1.0050378186020723,0.14214388954012547,0.09950317407855791,0.48231376438418555,-0.6332100918973943,-0.006341890835160414,2.3855980592181223,0.014554528057658792,2.639868260317477,2.425294774620228,-0.13107484720583362,0.8168266888914598,0.9031899934674259,1.9210834693842502,-0.26203495843356195,0.08867281063274943,0
0.7460621172186,0.20369978959540053,0.6419402469539572,0.6018893130462427,-1.5789979994208474,-0.6147766457838358,-0.6486825257877922,-0.6537566010574923,0.15925588674487096,-1.318457726066625,-0.5764473750159307,-1.1341823838472818,-0.5386430691998515,-0.3929842953996505,-1.4300017243965897,-0.6017022690311626,-0.5569958510871049,-1.0035857483906117,-0.13319443374650028,-0.744521416477107,0.6199470753960996,0.13513216377788176,0.6134890713179085,0.3786636250483985,-1.3908751321378081,0.22174714446191274,-0.13695025685882858,-0.3987641004825378,2.702961041932216,-0.41916107280360515,0
-0.620635185842751,-1.0455736729358043,-0.5581462113699948,-0.6275148067323308,1.4390356032275438,0.49693046555932524,-0.6411369241274449,-0.47277106292159693,0.6988709059753309,2.1598714198811995,-0.010353322027759232,-0.9833263968907356,0.100477978948122,-0.3425937390447364,1.0021143588805002,1.1808236164178516,-0.14047115606792446,-0.08754677328892799,1.182873867391068,1.9754024749984438,-0.6355806878641358,-1.4593484138382284,-0.6149097753075311,-0.6498446271948726,0.44357089679822576,-0.026767939895711523,-0.8375273890443488,-0.7999698503889097,-0.28347604521306674,1.0423965917235278,1
1.116982053331283,-2.006726408973326,1.291866338560927,1.0169000257963543,1.679097933042977,3.310416315059802,2.612130676973092,2.5714784987981263,2.2344196855304626,2.2041460947699547,2.646372831284089,-0.5416467610400806,2.956518104219323,2.7673272798400337,-0.22026465618519425,1.2690031973975753,0.6474496432948589,0.6654268457417507,1.0429146312495086,0.8378452861513596,1.9108711437565404,-1.3292514910874618,2.3285781042525504,2.052854460437428,1.3188005684351773,2.525599142377754,1.9816680151966664,2.2515757754295733,2.586566570843477,1.859416404192112,0
0.8915768613858832,1.1761072415115819,0.9358558679991478,0.8096840771707755,0.8313778308822304,1.512066576122335,0.9929187796952962,0.8120702358276259,0.4526036488768663,0.289266405831295,0.7291046585377166,-0.3033329376407411,0.4513277357163515,0.7340198784612165,-0.4079489440990202,1.6541802627813986,0.3056310612183573,-0.06071123550376752,-0.6230517602419585,0.8751768842992824,1.4819512113658135,1.2869658944736992,1.3408304936619189,1.447638949890378,1.155247548987868,2.980696244749781,1.7292776867936743,1.1276041940592179,0.6139865871290539,2.6604162203377815,0
-1.242639386400944,-0.24198695919951596,-1.2776185344355446,-1.0462878202256445,-1.9893545444491016,-1.521175330271557,-1.1000579431420074,-1.253661251171732,-0.5397085341375352,0.23392306222035142,-0.1711711758988113,6.447428574128319,-0.30525616959525437,-0.42350934396080037,-1.7392431936017534,-1.0195544674896813,-0.990901151974582,-1.8397495345552881,1.9413626309969394,-0.7487476351353625,-1.2981162339162202,-0.7739597476390649,-1.3335709913766542,-1.0183456688238164,-2.7050457451563212,-1.4106207954960701,-1.2674581112064074,-1.699444856301451,-1.5362481156155496,-0.9873369423896012,1
0.2752791213832698,-0.5751265492078375,0.2954509866513885,0.11510547842581867,0.210966747265472,0.6261987343201579,-0.14498269036264436,0.3434841155390003,-0.485384874483462,0.8177953373158098,-0.10235786254027601,-0.6522861926845787,-0.26729873976945184,-0.10493443239006942,-0.9580357085027548,-0.3999170929241877,-0.38227502367422767,-0.25487424418463445,-1.1557998203937014,-0.20321324333222537,0.11607026161670196,-0.8374216611760243,0.0866903456695719,-0.027976737215610722,-0.8339107956415664,-0.23704993435216276,-0.4203759240166189,-0.1839441015530778,-1.12580445440789,0.07532281369698825,1
-0.16982480195195054,0.3432582664907786,-0.13217554368619078,-0.2617034113933202,0.4187707015119554,0.41898930351235275,0.21485591996440748,0.16067832055403697,-0.2970628543493427,0.19518272169269035,-0.7068505047506136,-1.0929121196624292,-0.656618864604373,-0.5003064899440108,-0.5547900190989563,-0.17270590266968516,-0.061191199475693986,0.15239450573133012,-0.792357287832555,-0.22082248774162286,-0.14003241646125697,0.049458580502986405,0.014854155808434901,-0.23657912472665021,1.2657563459117256,1.0264920206075694,1.0282441525676425,1.6620489592406185,-0.16095554933018325,1.2292965488241843,0
0.24960004888316098,-0.38829826562208924,0.21762544192392935,0.08240240273491042,1.551564820328528,0.5140395011306121,0.8036602462472424,0.9888951868799375,0.5612509681850125,-0.08568474713284954,3.410542775210365,0.41845764023050863,2.869318603268155,1.5196764854755744,0.9470084366950937,0.49864906662992825,1.0145768268988802,2.5817999558114457,3.486557746140447,-0.32647795419800846,0.48877253296592593,-0.6787668773336253,0.436891771242614,0.1770444934282865,0.38610632239782006,-0.24444988723626063,0.2637707347104788,0.7822248472010421,0.7686687131811941,-0.6733450144604979,0
0.032754547771130425,1.0162902760346166,0.05286710787324574,-0.11265842041263155,-0.1041150606172829,0.5159405050829772,0.27917908165917094,0.4266958572106762,1.5680494604404995,0.21455289195652089,0.08279177063987148,1.108636951917616,0.363615296524294,-0.19796315181452628,1.2322626221254336,0.6230742422454894,0.13365453999521115,0.7285692875891873,2.731455093086389,0.3359818204835285,0.13689161755799895,1.4503803218313704,0.2453285982795823,-0.10962711378645541,1.0403184001870567,0.9241260057108805,0.44131112846954546,0.9385387757359923,2.7749418332634095,0.988996603980483,0
-0.23830232861890763,0.18794318736527715,-0.1955122901931121,-0.30887687455808205,-0.9885947070310178,0.35815717703666683,0.14929577439089858,-0.5169773006846748,-0.7280305542716554,0.21316930836624784,-0.4483253495914754,-0.7028642185792064,0.2789804867775722,-0.37214973844521493,-0.696768806847239,2.2173394271979157,1.35182156532583,0.3197219766270366,-0.6241804637592293,1.5210839692359857,-0.15877163680842465,-0.033041907095061045,0.2453285982795823,-0.24893411591829115,-0.5421675717625829,1.90276977463284,1.7247136663885567,0.320726582002618,-0.1027583137858141,2.1798163306503797,1
0.34946310860580704,1.3449279796914744,0.4473763851353108,0.23955081070095677,0.9138992567562857,1.2592330504577651,0.9817859247865873,1.021919846855884,0.4489820715665942,0.36259633611579606,0.15236545210181593,-0.3542621998263036,0.34514951985228215,0.10486471089529398,-0.5982264518803945,0.26981493930217937,0.09950317407855791,-0.13016792153594775,-0.35103421257973383,-0.2983031631429722,0.8468998551562416,1.7454782197782326,1.2719874783783298,0.7099206352590621,1.4027872540973085,2.188901286151296,1.6238488154354624,1.3136922042198724,1.7074820128837884,0.7839406510471916,0
0.1297643772159862,-1.1963868657098418,0.09384970855419457,-0.01570682433781466,1.0414323694707337,-0.20986280393005105,-0.2471575587470187,0.43527706807056776,-0.5505732660683496,-0.21712518820884125,-0.3532793366653218,-0.864784148700202,-0.349881796552617,-0.3263621656034901,-0.30648921678118324,-0.7071931787921817,-0.4984506523728423,-0.04650418608809436,0.1444666315020776,-0.08840096978295303,-0.08381475541975361,-1.3927134046244212,-0.11085917644855464,-0.21956862960772425,0.10320380227274417,-0.6674805271105293,-0.640818109583789,-0.10802019340753072,-0.46878829523592785,-0.31930309572411175,1
-1.4623381177907648,-0.7957189804295635,-1.3599977014608864,-1.1704437447513054,-0.10486525539795687,0.39617725608397036,0.04576022373990427,-0.6534965643647684,-1.80001743811203,1.2245689128562471,-0.3259060849425896,-0.412391805976032,0.23332898333843102,-0.5385839317905321,3.6536816734488857,2.2730602667127098,1.8335997630786158,1.803569360041792,0.34424715405898126,0.6293518323440923,-1.4134665458310083,-1.3705017348864852,-1.300945388481388,-1.0788672198785212,-0.6394153130555772,-0.4201987682335879,-0.5627733606562816,-1.1268892666391481,-1.929845208639312,-0.36629508493799134,1
-0.09564081472941381,-0.31176619764720465,-0.14376658226262087,-0.18703621202823748,-1.243660932459915,-0.7546905366779136,-0.7436828876754428,-0.9080724865415523,-1.1915924499864123,-0.9656439105468573,-0.5661824056199061,-0.8013859981864501,-0.6422565938594748,-0.4288391143444933,-1.3745716497277394,-0.5227193314665022,-0.448138372227773,-0.9197641568381398,-0.8465350566615457,-0.6473183873372323,-0.179592992749722,-0.5153524499759541,-0.287755793981604,-0.262542512013432,-1.5584064682743761,-0.45411521895237045,-0.5536453198460467,-0.8033938697758658,-0.8608538820611549,-0.744366998158748,1
-0.5065059747311559,-0.06191150514096373,-0.5676674216292052,-0.5360619578975784,-0.9668390583914944,-1.1679687959221052,-1.0041174735065101,-1.0317199339318084,-0.9525683475084902,-0.46063590009699407,-0.8171038797449519,0.5589521566044746,-0.8340954959520446,-0.6282209791526389,0.26012932427817353,-0.9278044249488154,-0.7773331458315117,-0.8102120202328377,-0.15802591112645417,-0.5606809048429962,-0.5939379759815411,0.43657625307844034,-0.6666916954991007,-0.5877115555499537,-0.44934018234654244,-1.0207049447781402,-1.1022862127452089,-1.1064940207255405,-0.5484266175598018,-0.6413050218146716,1
-0.1812377230631103,0.5143299478464026,-0.22407592097074314,-0.25070591691319183,-1.0801184702731514,-0.8202751730345125,-0.715355956852172,-0.725526728249313,-0.06528190649196373,-0.955958825414942,-0.6099035715659368,-0.6800338596684369,-0.6427695321003639,-0.4516117696202717,-1.2312962520456825,-0.7877990534300886,-0.5670583071161188,-0.7535416786747635,-0.788971177280743,-0.8903259601869188,-0.05674699269606716,0.7205683161563345,-0.12881822391383868,-0.15152664913202038,-1.015145222596693,-0.31906607881758203,-0.31585985673943057,-0.04400591791226547,0.1254361097960566,-0.6738790143379288,0
0.1297643772159862,0.010118676482457168,0.10999436942850785,0.02915137683113047,-0.9105744498410023,-0.483987573861111,-0.009409257252142929,-0.49305392495406797,-1.1915924499864123,-0.7359690345614408,-0.5528759638102445,0.24635185767240067,-0.4263095944451113,-0.39080393478813985,-0.9502560489001093,-0.27603289633304223,0.03943336081444479,-0.44303872088999496,-0.773169328038954,-0.5237014915832613,0.02029202428673357,0.42547041820947235,0.03879955242881376,-0.07524800786188916,-1.0372469819814645,0.05463154182936667,0.45728519988745636,-0.2711821607163929,-0.6755416320382938,-0.5046010531924768,1
-1.5419432425411024,-1.0905925364504425,-1.538830868068664,-1.2225371396571774,-0.3479283643360818,-1.153901366674603,-1.1000579431420074,-1.253661251171732,-0.28981969972879945,0.6171757167261372,-0.678716884924472,-0.7488761726916803,-0.7130420711021876,-0.6737662897041958,0.6786101804038193,-0.9507960334864733,-0.990901151974582,-1.8397495345552881,0.7133332042064809,-0.14615929144577713,-1.4451150068617802,-1.3752613784017573,-1.450005482443247,-1.0982054669610897,-0.7145612949638006,-1.1437291614762692,-1.2674581112064074,-1.699444856301451,-0.49022938201543265,-0.2990111003817552,1
-0.5749835013981129,-0.08892282324974676,-0.6181712325693647,-0.5913388380476977,-0.9120748394023482,-0.8653289667055675,-1.007160453848224,-1.0329421063876112,-0.8946231105441459,-0.3181267902988141,-0.5927952892392291,-0.10839679617186347,-0.6494377292319239,-0.5124196044524036,0.03289843338423212,-0.7910449275765815,-0.8130701108800095,-0.9723302396761306,-0.1094916598838166,-0.37331854432700595,-0.5335560437517783,0.21445955569908132,-0.6065288864903984,-0.5549439702156014,-0.15317660659060514,-0.7451800323935582,-1.0618033517518177,-0.9412478677028788,-0.04915559683705256,-0.1735211291855999,1
-1.2326530804286795,2.0044543301809212,-1.2382917964083713,-1.0381844032402867,-1.213653141232986,-1.0873662283418213,-0.9094387274273334,-0.9824429806606128,-0.6555990080662246,-0.45095081496507883,-0.8395347387955241,0.8311602820790336,-0.8115262133529186,-0.6757043880255387,-0.15899983681435995,-0.6969145773282875,-0.5487629325179118,-0.8761958719634086,-0.5700026949302384,-0.5444803999863504,-1.1519503152083124,1.7787957243851367,-1.1605655007944164,-0.935800003036186,-0.944419592565424,-0.8950290782965425,-0.9393050440784666,-0.9750414503480539,-0.9052675618186999,-0.63916902230495,1
-0.34387184889713335,0.05513753999709503,-0.3693778688395627,-0.406407286131853,-0.3494287538974287,-0.46820924105648004,-0.8777719401314498,-0.7101845633785977,0.21357954639894408,0.09556470319299155,-0.12326798538402985,-0.7804874388758226,-0.11700783518890907,-0.30698118239006156,-0.3787752205890989,-0.6471445070820632,-0.7754426237896971,-0.8133691423252094,0.16252588777840793,-0.5057400622856758,-0.3649030606272693,-0.21073526499854817,-0.34911587282132495,-0.43980977693697626,-0.4847029973621772,-0.5601812102911082,-0.9421803769336907,-0.7490561708089546,0.6139865871290539,-0.3593530865313953,1
0.24960004888316098,-0.11818508453426126,0.25860804260487874,0.11539488617529581,-1.0981231450093092,0.25170095570421624,0.01941246712262607,-0.3274105516888879,-0.21014499890282537,0.2975679073729372,0.08773416331203135,1.2210325650167888,0.22871253917042805,0.006263958796976493,-0.41767351860232715,1.2543967637383573,0.6261050395969507,0.5707131829705965,1.4413469728460448,1.956032306148106,0.009881346316084703,-0.0378015506103332,0.00886780665334008,-0.1124920392801691,-1.4439193546612599,-0.024301288934345456,-0.12645300992705857,-0.4481890759812078,-0.09203777039606127,0.43256873169795734,1
-1.3987110825960505,-1.2233981838186248,-1.3409552809424656,-1.1250067280834062,-1.4109543685500443,-0.3032020979911817,-0.35935199654923106,-0.6867812610334388,1.9519366553292825,0.9478521948015275,0.041351709004068385,1.846233162880937,-0.11136551453912753,-0.37917534486008275,0.5379280025893107,0.7464174598122192,0.3239264358165643,0.6228056974947312,2.3849431132843013,0.7071846926336296,-1.2893712644208755,-1.0278074017869032,-1.233598960486572,-1.0070650246923178,-1.5031520698124472,-0.5441479790422293,-0.6298644606115074,-0.94214109015165,0.5665098949744367,0.04381682092859223,1
1.7418394841672664,0.05513753999709503,1.7472285683492503,1.737525321994247,1.2964985948996308,0.8638242283658065,1.5384286702220402,2.0202007102232726,-0.2825765451082562,-0.3112088723474459,0.12993459305124358,-0.3735801958277241,0.09380978181656212,0.32265850975619675,0.651057219311116,0.08480011295208442,0.7002013067196893,1.1753020636597997,0.4198702897161143,0.06726475079612147,1.2133557197230769,-0.10126346414729259,1.1732127173192664,1.0859421063090047,1.5088756991442123,0.23531372474942594,1.1551239198299064,1.535509112331373,0.18363334534042658,-0.1777931282050433,0
-0.06425528167372534,0.06864319905148694,-0.12058450510976071,-0.16504122306798044,-0.6885167947617269,-0.7634351548587935,-0.9340547066143677,-0.6573971147556282,-0.8946231105441459,-0.8369706366514127,-0.21679326210336514,0.8153546489869622,-0.25344940726544274,-0.2311530855675226,-0.402762504363923,-0.7915859066009969,-0.8136799566999497,-0.7286004141450261,-0.07337314733115596,-0.5240536764714493,-0.11921106051995925,0.36518160034936087,-0.1767090171545964,-0.2210010923545811,-0.9090567775497898,-0.8752958706056146,-1.0505302213511776,-0.8225981524244453,-0.6112183716997794,-0.7993689855340834,1
-0.3552847700082926,0.6831506860262953,-0.26216076200758476,-0.42377175110047693,0.9589109435966785,1.4531354535990144,0.9966297313315328,0.5304504976075475,1.162432801690087,1.350475019571144,-0.3528991526136172,-0.254159856909853,-0.29140683709124526,-0.3401711161430579,-0.03095960585415079,0.7031391378589809,0.4370528354154778,0.5265134736773909,-0.45036012209955056,0.6349867905550993,-0.20874289106753854,0.7047028377720944,-0.04500933574251246,-0.2981750228414979,2.003955109363093,1.7159209643093658,1.5996595072883404,1.243723112399466,0.7579481697914421,2.1477763380045527,0
1.89876714944571,2.6617297374946367,1.825882044403596,2.2266244186104873,-0.09961389193324424,0.20607686084745178,0.5908990191030244,0.9946159941198652,-0.11960556614603685,-0.8355870530611396,2.9391145510966425,0.7082275802518133,2.5256499818723745,3.8890016833172076,-0.8192984455889076,-0.5843909402498673,-0.3374513559086203,-0.37484488369476365,-0.8036443230052613,-0.533562668452524,3.391269551182789,3.4034207109313024,3.2085714300514767,4.582941787073469,0.341902803628277,0.05154822812765917,0.3034777122350001,0.7703152145507602,-0.06753367121948475,-0.10143114573248936,0
0.4150874049949738,3.210959872373221,0.5011919213830215,0.2757267793855899,0.7713622484283726,1.1489748212205844,1.065900828541278,0.9303869310170403,1.0465423277613983,0.5147905310458923,-0.5969773138079799,0.11288206711713297,-0.47298697436603065,-0.39128845936847556,-0.5619213737347148,-0.001215551929977324,-0.1099788650709128,-0.22646014535328815,-1.2238606424851213,-0.16024668697329522,0.476279719401147,3.7810190964762125,0.5835573255424348,0.29092528180341193,2.4725124083202488,1.8522034299248373,1.3354027258320433,1.2988051634070201,0.9187563206377267,1.9395163858066784,0
0.07555300193797868,-1.3111849676721685,0.0379643439892643,-0.02438905682212662,0.22822122722095575,-0.5174452434227382,-0.39200837094811103,-0.056712354563216695,0.9885970907970532,-1.1482769444629723,0.46791821501664627,-0.7053228726157508,0.4810781536879264,0.22090834788569708,0.0034005573908674675,-0.6114398914706414,-0.2712830844451049,0.19027997083979206,0.2110601390210455,-0.8279892349776513,0.11815239721083129,-1.3974730481396933,0.10764256771240356,0.0012096912515992208,-0.11781379157496974,-0.6384973783144788,-0.5226099810912485,-0.08122351994439626,0.2295785312965079,-1.2473948826982286,1
-0.36384446084166205,-0.41305864055514,-0.3536471736286935,-0.40901195587714656,-1.1686414543925923,-0.27582764107712304,-0.1859268567491189,-0.19193143477969035,-0.8258131416489862,-0.7304347002003456,-0.1331527707283498,0.0900517082063633,-0.08058922008577406,-0.20838043029174408,-0.5372857849930038,0.497026129556682,0.3949734738396016,0.3449789533660112,-0.23703515733539937,0.08910021386377462,-0.5127346878104809,-0.7374691473553131,-0.48141418914891865,-0.5040915427021807,-1.6366466964964674,-0.46151517183646845,-0.3998378321935906,-0.4644159504672168,-1.415259125931202,-0.7235410029389605,1
-0.5065059747311559,-0.7642057759693167,-0.5283406836020318,-0.5380878121439178,-1.1416344422883562,-0.5879724900554868,-0.6245613401522558,-0.8235605614062563,-0.4890064517937342,-1.1123037711158594,-0.6110441237210507,-0.6642282265763657,-0.5837816343981032,-0.5051517357473679,-0.35089810701295227,-0.18731233632890315,-0.3453793515678434,-0.8242612135438921,-0.060957408641179024,-0.7357167942724081,-0.5939379759815411,-0.9706916796036396,-0.6032363944550964,-0.5834141673093828,-1.0063045188427842,-0.5614145357717913,-0.617998007558202,-0.9826338411626085,-0.658695063854397,-1.122438911379504,1
-0.2497152497300674,-0.7822133213751719,-0.31142267595741285,-0.32508370852879775,-0.8183004918181948,-0.9685534813189971,-1.0819856086735362,-1.1688632856744394,-0.6157616576532371,-0.531198663200948,-0.7931522844875611,-1.124347767701104,-0.8315308047475984,-0.5734697015747034,-1.1171945778735466,-0.9586943272429395,-0.9565058477299528,-1.46310486893533,-0.829604503902486,-0.43283779043076975,-0.3732316030037881,-0.8342485654991765,-0.44310155455631234,-0.4219039926012647,-0.8648532587802468,-0.7488800088356072,-1.2163410826690926,-1.3272688359801412,-0.39987051630180587,-0.012253166201605197,1
-0.8603065291771006,-0.9757944344881153,-0.8321914805698764,-0.7979759711743225,0.5463038142264045,-0.23742736123934638,-0.4324577437830873,-0.3848786607808891,-0.09425452497413586,0.8703715137462072,-0.9079678681023549,-0.6870585854871353,-0.7540771303733256,-0.6873329779535958,0.10939841947691417,-0.36854030950808986,-0.14992376627699813,-0.24540287790751913,0.30361382743723825,-0.3159124075523699,-0.8916833659420944,-0.921508696612496,-0.80946612284811,-0.7744688861714251,0.4170487855365004,-0.2160834011805517,-0.21818982006991827,-0.09908796891981923,0.5956085127466216,0.3588767486125561,1
-0.6748465611207586,-0.59088315143796,-0.6984805712774869,-0.6541403196842208,0.6813388747475849,-0.8081087477393755,-0.6557333338966412,-0.577565850089364,-1.6768838095627983,-0.46063590009699407,0.19000367322057288,2.272985256366858,0.2220443420388682,-0.1163207600279588,-0.16224136164879577,-0.6374068846425845,-0.17919636563412938,0.22342975280969618,-0.8126739511434264,-0.03768634588388814,-0.5981022471698004,-0.036215002771908957,-0.6179029498850787,-0.5834141673093828,-0.23274294037578233,-0.9449787602642039,-0.7900615768311279,-0.6621158524618965,-1.8379548367271499,-0.5686810384841309,1
-0.831774226399202,0.47606391385896074,-0.8545456263958482,-0.7794538752077902,0.4337745971254203,-0.8303504939820481,-0.9892860368003521,-0.9738617698007213,-0.6773284719278535,-0.18530276563254836,-0.42741522674772175,0.8153546489869622,-0.43964598870823113,-0.4889201623061216,-0.055271042112418234,-0.8731655434828516,-0.7783088991434162,-0.8675137862093861,0.6941452444128801,-0.6177348567294443,-0.8000693998003857,0.5095574536459441,-0.8244319957358468,-0.7422384743671442,-0.18411906972928427,-0.895645741036884,-1.1039749002951025,-1.0584088789000272,0.09786899822240747,-0.6861610115188288,1
1.0285319147197973,0.325250721084923,1.0683248803012053,0.9089509352414091,1.1614635343784503,1.1984009239820794,1.1945471519308049,1.4871254901390978,0.6119530505288135,-0.15486392664652948,1.567790676598097,0.3271362045874307,1.392569407748078,1.326108915631457,0.6348495951389377,1.2960521486183494,0.5965275173298493,1.0663813514729719,-0.3397471774070275,0.406418798121119,0.8885425670388364,-0.09491727279359677,0.7811068476605614,0.7690097235669102,0.4170487855365004,0.5781782083792995,0.3678303999471554,0.5559418268456858,-0.687793681626582,-0.35775108689910384,0
-1.0257938852889135,-0.9712925481366516,-0.9977777459474483,-0.9146072942135797,0.1607036969603655,-0.041053652960022474,-0.3164286559567639,-0.6768998667099273,0.44536049425632307,0.8814401824683956,-0.271159581497125,-0.15230133253872766,-0.13393479713825343,-0.4457974746562432,0.09254249033784866,0.7080079490787202,0.613908123198146,0.15555162782370208,0.09254626970762825,0.3578172835511816,-0.8479585184653695,-0.6565552075956893,-0.7600787423185786,-0.7737526547979966,0.014796764733659347,0.26861351272786665,0.07390748585759505,-0.3134613566248936,0.16525527095799356,0.661120679238189,1
-0.30963308556365454,-1.1401132863165442,-0.3110087102939687,-0.3916474909085228,-0.10486525539795687,-0.07242021817404803,-0.6376733692669577,-0.7081042698368059,-0.5433301114478063,1.3283376821267672,-0.8269886650892718,-1.0054542832196354,-0.9762306825024486,-0.5998762912029997,-0.5988747568472814,-0.13700128705826328,-0.04167613323760642,-0.6850321292702949,-0.496636966307647,0.6645703211628875,-0.5168989589987404,-1.395886500301269,-0.5813862200390009,-0.530950219205748,-0.8029683325028867,-0.360999145160804,-0.6056751524643852,-0.8285529687495863,-0.7352703737811992,0.8982166248173074,1
-0.2468620194522771,1.9729411257206746,-0.2778914572184545,-0.32190022328455,-0.6982693269104793,-0.6594502386644178,-0.730570858560741,-0.4020410825006723,-0.6302479668943236,-0.6875436089018644,-0.6228298293238936,0.6731039511583218,-0.6596964940497083,-0.5165380633852572,-0.6825060975757221,-0.6417347168379084,-0.5341266328393461,-0.400575428747594,-0.4006971673396424,-0.8702514215602056,-0.3815601453803073,1.8184594203457363,-0.42873431658408484,-0.4349752151663341,-1.1123929638896872,-0.7272968129236547,-0.78275914418294,-0.5147341484146579,-0.6724786196412216,-1.0492809281715327,1
0.20965482499410304,-1.034318957057145,0.12696696162970883,0.0899270042213142,-0.8475580882644508,-1.013227074199579,-0.6775042501625611,-0.5929080149600793,-0.5179790702759063,-1.2866353034903322,-0.6870809340619736,-1.0370655494037777,-0.5889110168069953,-0.4470087861070825,-0.1201015388011317,-0.7364060461106178,-0.5390053993988679,-0.1727890697829672,-0.5632304738266144,-0.7166988103102588,-0.12337533170821902,-1.289587795126862,-0.15276362053421755,-0.20112567174194124,-0.8162293881337493,-0.9554620268500095,-0.7649594646029821,-0.5151807596390435,-0.8853579812377314,-1.2100148912780972,1
-0.5350382775090551,-0.9195208550948177,-0.5622858680044338,-0.5548734616135875,-0.6967689373491324,-0.7225635698829421,-0.8534033577201644,-0.8136791670827449,-0.5940321937916082,-0.2060565194866529,-0.53766860174206,-0.7137525435981887,-0.44426243287623407,-0.48843563772578585,-0.5431205296949879,-0.6168496817147961,-0.6704271735959886,-1.0280534446064933,-0.8420202425924631,-0.6159739322885046,-0.5106525522163512,-0.6866996165257454,-0.4697408082964839,-0.5182371123273928,-0.2990482185300969,-0.3899822939568545,-0.7348369299292075,-0.8723208687393723,-0.38455545431644544,-0.23866911423211437,1
0.16114991027167516,-0.5503661742747858,0.10833850677473188,0.04738406504818545,-0.7207751703306756,-0.6934782094117546,-0.45781591329736904,-0.5278988417790823,-1.4233733978437904,-1.276950218358417,-0.678716884924472,-0.364799288554351,-0.6945762944301755,-0.46493619557950383,-1.1486373687675726,-0.6303741573251832,-0.4420399140283707,-0.869881627778665,-0.9311878204568437,-0.9139223476955116,0.0536061937928095,-0.04256119412560478,-0.024057113699680797,-0.07435271864510358,-0.8029683325028867,-0.3024161848283617,-0.15520633847929818,-0.534087301471366,-0.7000457312148702,-0.9675789469246743,1
-0.5150656655645258,-0.3095152544714724,-0.545727241466677,-0.5311420261564681,-0.6877665999810539,-0.7261754773924358,-0.7028624196768429,-0.5637839053749926,0.5938451639774558,-0.9421229895122065,-0.24606743408462042,0.9962413388184432,-0.3827098439695271,-0.3241818049919794,-0.3859065752248575,-0.134296391936186,-0.3630648803461102,-0.14279640990543505,0.5632156364094858,-0.5448325848745385,-0.4377778064218103,0.5032112622922477,-0.5328967918827333,-0.46971243677761443,-0.36977384856136525,-0.471998438422274,-0.6389925014217421,-0.2804121260203613,0.8314604673211717,-0.8073789836955407,1
-0.700525633620868,-0.25099073190244336,-0.6297622711457947,-0.6969726666068266,1.6115804027823857,0.8524182046516151,0.16166561317835293,0.19318290714453545,0.5612509681850125,1.3518586031614188,0.04249226115918232,0.9242378991767858,0.10355560839345745,-0.27427577321740093,2.4348683357010703,0.3504208139400861,0.5218214043871705,1.0663813514729719,-0.30701477540617905,0.49411283527991895,-0.5918558403874113,-0.04890738547930117,-0.5586380932496408,-0.6167189261738063,2.0172161649939557,0.1958473093675699,0.1866387898639947,0.40856012279844733,-0.3860869605149813,0.46033672532434095,1
-1.8107175347089086,1.394448729557576,-1.805424755326555,-1.3626104904040768,-1.1281309362362382,-1.0394609287422187,-1.1000579431420074,-1.253661251171732,0.24617374219138835,1.393366110869626,-0.08068737159311304,0.43601945477725434,-0.1708663504822776,-0.4852862279536037,1.809254042654984,-0.8596410678724646,-0.990901151974582,-1.8397495345552881,0.9063415056597606,1.0769788252309787,-1.4836345153531805,0.8268670213307422,-1.4856242599160605,-1.1182599454170867,-0.2990482185300969,-1.0646113318904549,-1.2674581112064074,-1.699444856301451,0.22345250650236356,0.8170486434478791,1
-0.5321850472312647,-1.1716264907767908,-0.5304105119192514,-0.5430077438850278,-1.1206289884295055,-0.4796152647706712,-0.2540846684679931,-0.5947282718091471,-0.5650595753094361,-0.17146692972981292,-0.50307185303694,-0.6723066612678689,-0.3734769556335212,-0.4654207201598395,-0.8666247081716686,0.25304458954529935,0.33368396893560803,-0.12385367735120409,-0.17834257443732568,0.28456282680808775,-0.6397449590523951,-1.0182881147563594,-0.5733046486796226,-0.6134958849933783,-1.3157291502295854,-0.07980093556508028,0.13643456540770332,-0.33876932600674275,-0.3600513551398689,0.22217277999036128,1
1.1426611258313921,0.5728544704154325,1.0683248803012053,1.0834638081760795,-1.6735225417856738,-0.32392304107196235,0.26433527511422544,0.2488307593874687,-0.1159839888357657,-1.2977039722125205,0.9020884020633163,0.1602989663933463,0.7626812479361107,0.9009385963868695,-0.5019531642976547,1.4810669749684442,0.8721778279428355,0.4396926161371658,0.06884349584494456,0.4303673705178995,0.7407109398556251,-0.1599657341689804,0.667366213713761,0.6365069194826448,-1.951375750135613,-0.36839909804490206,-0.1104789385091477,-0.33266563927347315,-0.8317552642889698,-0.9878709422670315,0
-0.46370752056430814,-0.809224639483955,-0.3735175254740023,-0.4993071737139909,2.3842810268758092,1.264936062314861,0.8519026175183149,0.8497755562726043,1.0320560185203118,1.8471815284793667,-0.24492688192950648,-0.5681651010056666,-0.31192436672681423,-0.2902650843684795,0.13986875292060966,0.42561689833383826,0.12877577343568924,-0.044925625041908515,0.09706108377671063,0.4465678753745453,-0.15252523002603519,-0.3106877788192594,-0.10187965271591219,-0.23443043060636476,2.065840035640454,1.657954666717265,1.1765748157339577,0.89238894921615,1.6431587525452749,2.1531163367788575,0
3.0115269577837616,0.5188318341978672,3.059499721466507,3.4479251214037037,0.523797970806207,2.0367436669751267,1.7573748167599856,2.5714784987981263,0.6843845967342443,0.6379294705802427,2.252882337769813,-0.5502520501679861,2.1671061514908065,2.440273188113428,-0.6773196578406249,0.35366668808657925,0.09797855952870728,0.6812124562036103,-0.22574812216269263,0.3331643413780251,2.8561607034914447,0.19383443379956958,2.960137940115045,3.1683848245522572,0.08110204288797389,1.0036754992149342,0.8584625934972753,1.985097744879515,0.3750716201574312,0.6744706761739502,0
-0.11846665695173285,-0.9330265141492092,-0.13755709731096227,-0.19977015300522827,-1.000597823521789,-0.5318928734607137,-0.5744634930630651,-0.6111105834507584,-0.036309288009791614,-0.5270479124301269,-0.9836244943915732,-1.1801943379597555,-0.8843634435591886,-0.6740085519943637,-0.6050336540327095,0.23032347051984906,-0.2459744829175851,-0.5207039243623417,-0.29459903671620175,0.3712003093023237,-0.34616384028010166,-0.9627589404115195,-0.26470834973448937,-0.38591336608648447,-0.21506153286796464,0.3352130886847488,-0.09496126913174847,-0.1303507546268093,0.7273180458207212,0.6568486802187448,1
0.8887236311080939,0.6246261634572663,0.8282247955037256,0.8065005919265277,0.09318616669977524,-0.25681760155347116,0.020773149389246057,0.44359824223773536,0.2353090102605739,-0.9656439105468573,0.08127103443305297,-0.8349290639707344,-0.0031355457115012923,0.1513790706075224,-0.8380992896286348,-0.7315372348908784,-0.36641903235578144,-0.280920501446702,-1.0553452073566143,-0.7885445275006009,1.1196596179872378,0.5746059150213271,1.0085881155541612,1.008947233665445,1.0358980483101015,0.004065197121363472,0.5074894243437478,1.254144040968463,0.46543048587105795,-0.44746306630741894,0
-0.4152026058418803,-0.48283787900282943,-0.45424082984556813,-0.4535807492966147,-0.7642864676097225,-0.9345255105716602,-0.7331685247061065,-0.662857885302832,-0.010958246837890631,-0.6252823473395527,-0.8733711193972349,-0.9594423291071615,-0.8766693699458501,-0.626282880831296,-1.0342115421119933,-0.9220159493875697,-0.6079179770521145,-0.7524366859424333,-0.5316267753430366,-0.7663568795447598,-0.3878065521626964,-0.5645354329670982,-0.4544756179509922,-0.4279919592754066,-0.4360791267156798,-0.6434306802372107,-0.4062274607607549,-0.2329224658273622,0.5481318205920045,-0.5756230368907262,1
-0.17553126250753018,2.0067052733566535,-0.23608092521061735,-0.2533105866584854,-1.5639941038073824,-1.0683561888181694,-0.9428372921534605,-0.9632002653990377,-1.3799144701205317,-0.7124481135267892,-0.8745116715523487,-0.11190915908121263,-0.7309949095333106,-0.5877631766946069,-0.6925548245624726,-0.7331601719641249,-0.7619650311690178,-1.0222127687356053,-0.7189915592099632,-0.7501563746881141,-0.31493180636815543,1.574131053228442,-0.29015033364364184,-0.34365571505420517,-0.9532602963193328,-0.6804304446577008,-0.9053487322643933,-0.8388250269104545,-0.3340157497647565,-0.7192690039195163,1
1.0941562111089647,0.38827713000541647,1.3581008447119562,0.9966414833329598,2.0241875321526606,2.9302155245867643,2.844683646177237,1.8615783276616404,1.1262170285873714,1.1581569005231154,0.015499193488154681,-0.7710040590205798,0.15279767951882303,0.056654515151890544,0.02609123123191742,0.6274020744408131,0.888948587991192,-0.1806818750138967,-0.5508147351366375,0.45255501847374063,0.9572530416451183,0.32869100006560903,1.2809670021109714,0.7725908804340526,2.428308889550706,2.0698853772653867,2.855677922776647,1.2243699593427582,0.5098441656286034,1.907476393160852,0
0.9543479274972612,1.4102053317876995,0.9482748379024655,0.8635139185735097,0.34375122344463266,0.21177987270454723,0.9805489409078416,0.46180081072841467,-1.7891527061812156,-0.5699390037286091,0.49681220294619677,0.796036652985542,0.4831299066514833,0.4689849330175819,7.796350411857683,3.2441176155385008,3.393890293395707,4.35925969381678,0.10834811894941698,3.0802064692440476,0.38883002444769815,0.3747008873799046,0.4069600254671404,0.26585718373341577,-0.3565127929305026,-0.473231763902957,0.011836808347998466,-0.06335907096897352,-2.0048890123675784,-0.849030974135115,0
-1.0229406550111237,-0.15420017534597172,-1.0238575827444156,-0.9125814399672403,0.808871987462034,-0.6972802173164848,-0.8159227461941772,-0.7907959381230338,-1.158998254193968,0.4456113515322124,-0.95206921810009,0.6133937816993863,-0.9182173674578774,-0.7047758628456815,0.5823368928210795,-0.8774933756781756,-0.4396005307486097,-0.38763122816886947,-0.32507403168250937,-0.17503845227718917,-1.070747027037252,-0.1853504995837643,-1.078851834827373,-0.8901402529801217,0.3949470261517289,-0.93511215641874,-0.8830306724833692,-0.727618832038447,-1.0706702312605925,-0.30221509964633736,1
0.26386620027211055,-0.8519925598228609,0.24246338173056547,0.10092449870144254,-0.9233277611124464,0.11672967508628806,-0.2953999300180913,-0.27072255267505857,0.2860110926043749,-0.5132120765273915,-0.6353759030301459,-1.2593981215655787,-0.28166101051435016,-0.4673588184811824,-0.959332318436529,0.35096179296450175,0.12023793195652589,-0.0165115262105622,-0.7765554385907658,-0.2148353446424278,0.043195515822160635,-1.0151150190795115,0.22138320165920347,-0.11517790693052582,-0.829490443764612,0.657727701883353,0.2852216306145305,0.35347807179089336,0.06417586185461484,-0.02453516338250516,1
-1.2551935996232197,-1.3854660924713214,-1.1372841745280522,-1.0914354291440667,2.2117362273209675,2.2230420543069154,0.3694789048075889,0.5764769922196932,0.9234086992121656,4.561772532596165,-0.47341749700398017,0.309574390040685,-0.5324878103091808,-0.5208987846082785,4.762283166825888,1.2603475330069274,0.5913438278603572,0.4491639824142814,0.6241656263421004,2.69984679000106,-1.1665252643672206,-1.2166065945593583,-1.1174637868777344,-0.9748346128880372,3.0162156891856275,0.679927560535647,0.06204103280428986,-0.09908796891981923,-0.09816379519020563,2.7939161896953935,1
0.9115494733304124,1.3786921273274535,0.8613420485792405,0.8079476306739131,-0.9533355523393763,0.1414427264670354,0.389270646867516,0.2379092182930613,-1.2133219138480413,-1.20500387166419,0.4222961288120925,0.8171108304416369,0.23486779806109875,0.4653509986650641,0.33403609050330674,0.9465796988459477,0.5160278690977382,0.9101038079005672,-0.5474286245848257,-0.02641642946187357,0.8698033466916687,1.547159739975234,0.7781136730830142,0.7367793117626295,0.4966151193216776,0.9629757583523951,1.0309825648107132,0.8894115410535794,-0.6311279522807484,-0.24774711214843215,0
-0.4608542902865178,-1.4552453309190103,-0.5283406836020318,-0.4987283582150368,-1.6727723470050009,-1.1981947587647115,-1.011329089519596,-0.9548790912318701,-0.6845716265483968,-0.36655221595838944,-0.271159581497125,0.47816780968944417,-0.3678346349837397,-0.35301101752195424,1.073427905238085,-0.8413559768472213,-0.7952626129377547,-0.5934755885915123,0.8916683599352425,0.3546476195574899,-0.627252145487617,-1.4831466314145887,-0.705303647549462,-0.6061545134157365,-1.678640039327533,-1.1794956004160762,-1.1910564096247425,-1.300472162517007,-0.9680593159586776,-0.7368909998747216,1
0.917255933885992,0.6381318225116573,0.9441351812680264,0.8629351030745555,-0.45220543884966047,0.453207374654926,0.09944532407745682,0.6984342011072433,1.1081091420360138,-1.1261396070185947,1.6571339287486813,0.7363264835266065,1.703409981726948,1.2541570154516037,-0.11718416645013977,1.8516376066930496,0.42333130446682254,1.5525781536982322,0.7539665308282243,0.7128196508446369,0.8718854822857988,0.2430174167907131,0.9307655765379298,0.7564756745319121,-0.8383311475185208,0.18906401922381344,-0.21864622211042994,0.575294979902394,0.23723606228918726,-0.4933870557664374,0
-0.1669715716741607,0.6763978564991001,-0.19385642753933668,-0.25649407190273316,-0.6375035496759475,-0.5033778141752357,-0.5123669023500435,-0.37369708299375765,0.025257526264824772,-0.7747093750891009,-0.6277722219960536,0.2445956762177259,-0.5591605988354204,-0.459606425195811,-0.8504170839994903,-0.6363249265937535,-0.352087655587186,0.029266744128829236,-0.4943795592731054,-0.6543620851009914,-0.21915356903818703,0.9696563267889011,-0.23357933412799656,-0.3110671875632103,-0.7145612949638006,-0.5237981086109599,-0.22594865475861786,0.2090737759062254,-0.06293915262387628,-0.7961649862695013,1
0.24104035804979154,-0.9825472640153112,0.2010668153861725,0.10787028468889204,-1.1281309362362382,-0.3416023778289586,-0.4148925727049018,-0.4160830639077676,-0.41657490558830335,-0.8425049710125078,-0.5867123444119552,-1.3703887895010118,-0.5124832189145009,-0.38426285295360774,-1.2342136243966746,-0.42642506512054634,-0.2865292299436108,-0.5139161118637423,-1.0508303932875318,-0.5053878773974878,0.20351995657015082,-1.1880487334677265,0.15553336095316128,0.06101501093287574,-1.1433354270283675,0.14219765095785952,0.17066471844608383,0.008098724932717943,-0.3432047869559726,-0.07206115247381505,1
0.3608760297169663,-1.1333604567893485,0.45151604176974985,0.1585166408473785,0.8463817264956954,2.091872781593717,1.469157573012295,1.2832567230434915,2.603820571178159,1.0433194625304052,0.15160508399840678,-0.8853314717198946,0.2866745603909104,0.13902369380896162,-0.09384518764220287,1.4983783037497398,0.974631925692795,1.7151699414553807,1.798017284303568,0.2042646723012348,0.38883002444769815,-1.0516056193632632,0.5476392306118664,0.19405498854721245,0.29327893298178015,2.092701898658022,1.61015675422011,1.8630240102141258,2.6876459799468555,0.8213206424673232,0
1.952978524723718,1.3044110025283002,2.128076978717665,2.0182508389870004,1.0414323694707337,2.283874180782601,2.826128887996055,2.579279599579846,1.2565938117571476,0.8316311732185462,2.1414884106203607,-0.3296756594608595,3.043204666929601,1.929099755859251,-0.22026465618519425,0.9476616568947787,1.4012190767409893,2.3023946506365394,-0.024838896088518393,0.8448889839151186,1.6839183639963986,0.5872982977287193,2.1639535024874452,1.6947387737231971,0.36842491489000234,1.0024421737342513,1.744338954130562,2.084840918325626,0.025888206891213746,0.7823386514149001,0
-0.7461773180655055,-0.25549261825390707,-0.7452586912466508,-0.7134689083270193,-0.5617338768279518,-0.5041382157561821,-0.6864105340895285,-0.8630861387003025,-1.4161302432232472,-0.04832799019546249,-0.2703992133937158,-0.27172167145659876,-0.17958630057739436,-0.39346881997998623,-0.13825407787397165,0.05071843441390893,-0.3136673689309512,-0.6073669257979483,-0.20881756940363333,-0.14193307278752176,-0.7334410607882339,-0.6502090162419936,-0.7217661077259724,-0.6852980801795815,-0.7941276287489778,-0.4756984148643229,-0.7079092095390148,-0.879317777921413,-1.0783277622532728,-0.41115107464214856,1
3.179867544173364,1.263894025365126,3.3078791195328647,3.5550059887102177,0.7713622484283726,3.099404876347266,3.0302312279890544,3.54401572958584,0.09768907247025559,0.6974235649620074,1.8947489610640655,0.45709363223334926,2.3374016474660286,1.958171230679394,0.35251278205959,1.695835647661391,0.7563071221541907,1.3647293892021088,-1.144512785220995,0.7321898196949741,2.8728177882444825,1.255234937705219,3.139728414767887,3.025138549866565,1.102203326464416,2.167934752979685,1.6882015031476176,2.568669744743329,-0.8531963510684747,1.122496573338095,0
1.6305635033334611,1.3111638320554961,1.606480242778314,1.5696688272975492,0.4112687537052239,1.0539246236023254,2.048066028265166,1.7341603482268861,1.448537409201539,-0.22819385693103053,0.3664090732115141,-0.025856267802158255,-0.030834210719519313,0.5852708322981528,-0.663056948569108,0.33581438028086813,0.4590072849333264,-0.19331036338338403,-0.565487880861156,-0.20779164687866875,1.338283855370861,1.2488887463515232,1.254028430913045,1.2829057340018315,-0.21506153286796464,0.8020267831232638,1.3217106646166912,0.8789906124845827,0.601734537540766,0.030466823992831044,0
-0.004337445840137685,-0.4760850494756335,-0.07629017912126052,-0.11728894440426466,-1.1678912596119193,-0.9476424378429801,-0.7684225652503518,-0.4082819631260481,-0.5831674618607938,-0.711064529936516,-0.9448457211177024,0.8276479191696844,-0.814603842798254,-0.6420299296922066,-0.5534934091651821,-0.6952916402550411,-0.6457284178884091,-0.39457689677208757,-0.4063406849259954,-0.8346807478532225,-0.26704268770317124,-0.058426672509844915,-0.3108032382287186,-0.3366724591632777,-1.1389150751514132,-0.8197962239748797,-0.8813419849334757,-0.5217310575966986,-0.595903309714419,-0.9606369485180789,1
0.15544344971609503,1.0635600827249867,0.12324127065871332,0.037833609315442426,-0.47096030836649116,-0.330766655300477,-0.7163455439551684,-0.4847327507869004,-0.42381806020884566,-0.5699390037286091,-0.10197767848857144,-0.18040023581352085,-0.2801221957916824,-0.131098759728198,-0.7165421083372967,-0.40045807194860317,-0.6490825698980804,-0.48123989820769386,0.0067648023950594586,-0.3243648448688806,-0.019268552001731828,0.5397018625759995,-0.11684552560364904,-0.12323550988159603,-0.9223178331806524,-0.4898816578921774,-0.84807027618017,-0.6653910014407242,-0.5974348159129557,-0.6204790265948842,1
0.06128685054902909,-0.5571190038019818,-0.0535220676318445,-0.0492781232771543,-2.380206025179853,-1.4582520994482693,-1.010376611932962,-1.0911383182192396,-1.0648372441269085,-1.2478949629626712,-1.0216428995620346,-0.867418420882214,-1.016239865291808,-0.6880597648240994,-1.1625759255556463,-1.183254720277806,-0.8437453556230033,-1.2702047090914117,-0.6128934285865228,-0.8568683958090636,-0.2691248232973009,-0.8025176087306968,-0.3700680948641566,-0.33649340131992056,-2.064094722997948,-1.2683567012992862,-1.091013082344569,-1.203259786009081,-0.6954512126192622,-1.2217628885815675,1
-0.5207721261201055,0.7079110609593469,-0.5552484517258869,-0.5299843951585599,-1.057612626852954,-0.9782486014760596,-0.888038906325037,-0.9257549816467834,-0.9344604609571324,-0.4177448087985129,-0.6654104431148106,-0.13122715508263275,-0.6402048408959178,-0.511935079872068,-0.6426353421121633,-0.7320782139152939,-0.7039686936927014,-1.1213464024360804,-0.5316267753430366,-0.49834417963372873,-0.423202857262902,0.9966276400421087,-0.42095206268246194,-0.44697209067126087,-0.2990482185300969,-0.4664484737592004,-0.7060836013769678,-0.7563508208072521,0.287775766840877,-0.10944114389394592,1
-1.1170972541781896,0.06639225587575469,-1.1120322690579725,-0.9779875913490571,0.32124538002443626,-0.5402572908511206,-1.0378995032350484,-0.9634603020917618,-0.03993086532006276,0.0734273657486149,-0.5886132646704783,1.5389014083128862,-0.603786225792783,-0.5419756038528821,1.890292163515876,-0.18190254608474837,-0.863626329353055,-0.7218126016464267,0.5564434153058618,-0.5409585511044709,-1.1561145863965718,-0.44871744076214676,-1.1650552626607376,-0.9404555069634711,-0.2592650516375077,-0.8389127689254661,-1.2215897061349776,-1.367166105358586,-0.9956264275323262,-0.8896149648198296,1
1.8559686952788612,0.6403827656873896,1.784485478059203,1.8532884217850731,-0.3839377138083973,0.5957826710823152,0.9285956180005329,1.232549567962314,-0.13409187538712342,-1.7349163867389779,1.7533204938299487,0.46763072096139674,2.1563344484321325,1.7570935298400734,0.33889837775496007,0.5695173188283568,0.6828207008513926,2.524971758148753,1.238180339737329,-0.5103184658321192,1.4652941266127752,0.33821028709615275,1.541373190357593,1.402874489051099,-0.6438356649325316,0.22174714446191274,0.4947101672094189,1.158866979766208,-0.004741917079507128,-1.3579328573263312,0
-0.2611281708412267,0.2802318575702851,-0.3118366416208564,-0.3210320000361186,-1.70052955388991,-0.9639910718333208,-0.8774008449678261,-0.9270551651104033,-0.3224138955212427,-0.5395001647425893,-0.285986759513605,0.4553374507786749,-0.2560140984698888,-0.3173984608672794,0.23452127808613138,-0.27386898023538037,-0.5819995297046546,-0.9614381684574478,0.007893505912330054,-0.39198434340096744,-0.3544923826566205,0.43657625307844034,-0.34462611095500373,-0.4014913984585536,-0.9090567775497898,-0.5638811867331573,-0.9161198204204704,-1.0749334942022934,-0.3447362931545085,-0.5227570490251124,1
-0.5464511986202143,-0.2847548795384216,-0.5506948294280037,-0.5623980630999912,-0.3861882981504161,-0.4767637588421232,-0.7393534440998337,-0.8565852213822028,-1.2241866457788557,0.008398937005754139,-0.6825187254415181,-0.04166190089422962,-0.5883980785661062,-0.5550577675219462,-0.7026035515492235,-0.4826868836597565,-0.564923846746328,-1.02505417861874,-0.7054471170027153,-0.6888762041434107,-0.5960201115756708,0.3429699306114249,-0.5379851886645639,-0.5821607624058831,-0.5112251086239026,-0.1735336720969883,-0.5280868055773894,-0.8523722340501502,-0.7750895349431361,-0.36255708579597823,1
0.19538867360515347,-1.0253151843542172,0.1356602405620317,0.05519807428406635,-0.545229591653141,-0.48778958176584153,-0.5300557718161033,-0.3362517992415035,-1.0177567390933777,-0.5062941585760233,-0.21337160563802354,-1.4323819948510241,-0.14778412964226256,-0.24496203610709041,-0.7606268460856219,-0.5692435275662336,-0.42526915398001414,-0.1554248982749221,0.09480367674216944,-0.3631051825695554,0.22225917691731847,-1.234058620782022,0.22138320165920347,0.014818087346739832,-0.45818088610045127,-0.3400326119891931,-0.2857373220656556,0.1629239493863827,0.30155932262770163,-0.11798514193283346,1
-0.27539432223017624,-0.8407378439442013,-0.18143745763601893,-0.3456316587416691,3.2845147636836822,1.3885013192185978,1.4617356697398225,1.2429510356712734,0.44536049425632307,1.9564846321109808,-0.030883260819808495,-0.509157404128601,-0.2129272862351939,-0.10929515361309099,0.02706368868224797,0.1913729807619344,0.6779419342918707,0.3512931975507549,-0.6004776898965458,1.156572609961456,0.022374159880862898,-0.5248717370064984,-0.012084415389491154,-0.08115691669267389,2.3796850189042087,0.9487925153245406,1.6425612990964436,1.2571214491310334,0.35975655817207075,3.012856139441878,0
-0.7062320941764475,-0.21047375473926924,-0.7332536870067772,-0.6856857643772211,-0.8205510761602146,-0.8537328425961399,-0.6835654711684139,-0.7915760482012059,-1.0358646256447355,-0.5796240888605234,-0.8262282969858625,-0.7869853102581186,-0.7807499188995652,-0.6367001593085139,-0.11977738631768836,-0.4637526178052146,-0.3566614992367378,-0.6563023182297114,0.050784239568614255,-0.3683879558923746,-0.7147018404410662,-0.2678509871818117,-0.7220654251837269,-0.6758080144816544,0.08110204288797389,-0.4639818227978345,-0.4185503158545719,-0.4656069137322451,0.45624144867984184,-0.2910011022202979,1
0.052727159715659645,0.07989791493014581,0.2581940769414346,-0.0570921325130352,-1.3239317739919503,2.2781711689255055,2.614604644730583,0.7741048786899236,-0.355008091313687,2.0630205685620466,-0.13733479529710052,0.48519253550814245,0.29436863400424884,-0.2403590525939011,-0.5771565404565626,2.644171877461731,3.384742606096603,1.7783123833028174,0.5496711942022379,3.2281241222829875,-0.1879215351262408,-0.31386087449610733,0.0058746320757928835,-0.29280328754078444,-1.8952372812982936,1.0067588129166416,1.828316929584722,0.5410547860328335,-0.7873415845314244,1.2880365353415337,1
-0.0585488211181457,-0.6944265375216276,-0.12720795572486404,-0.16185773782373264,-0.644255302702007,-0.9227392860669962,-0.9142629645544404,-0.7107046367640457,-1.3690497381897173,-0.5464180826939575,-0.5498344913966076,0.26215749076447165,-0.5581347223536419,-0.4465242615267468,-0.4669446960857495,-0.9544746908524988,-0.8306946550762823,-0.8859829504497614,-0.6038638004483576,-0.6082258647483697,-0.2274821114147062,-0.020349524387669387,-0.3012250795805672,-0.31894573267092335,-0.7543444618563891,-0.9573120150710339,-1.0262496327959532,-0.8723208687393723,-0.8424758076787223,-0.6915010102931335,1
-0.7804160813989843,0.44229976622298256,-0.791208879888927,-0.7325698197925056,-0.6322521862112348,-0.7168605580258464,-0.4651141181819672,-0.7598515716888794,-1.1408903676426105,0.3473769166227866,-0.625491117685826,-0.3997472995023751,-0.6299460760781334,-0.5514238331694284,0.6594851838806488,-0.5416535973210441,-0.2459744829175851,-0.823945501334655,-0.5767749160338623,-0.4708737583550685,-0.6647305861819524,0.5460480539296954,-0.6828548382178566,-0.6346247105095179,1.6591676629606578,-0.22471667954533275,0.15651625519021992,-0.4670956178135302,-0.12726241296239063,0.2264447790098047,1
-1.275166211567749,-0.5526171174505181,-1.239947659062147,-1.0682828091859013,-0.8408063352383922,-0.2125242094633623,-0.0582701204625882,-0.6576571514483522,0.8473555756964637,1.1719927364258498,-0.8155831435381333,-0.4756143383443167,-0.7161197005475229,-0.656565667102278,-0.364512511317582,0.4937802554101889,0.5422512393551684,-0.4963940842510787,-0.37135087589060534,0.0764215578890082,-1.1352932304552743,-0.4185730318320907,-1.0641852793973912,-0.9291748628319727,-0.400716311700045,0.5276118636712966,0.7137831466550538,-0.49061714229783715,0.10705803541362441,0.7567066572982389,1
0.6347861363847948,-0.809224639483955,0.5425884877274145,0.4924931837439118,-0.131122072721519,-0.6908168038784434,-0.41650065174727097,-0.06711382227217633,-0.329657050141786,-0.8591079740957903,-0.7308021000080043,-1.3050588393871176,-0.8612812227191735,-0.4482200975579217,0.10226706484115586,-0.7331601719641249,-0.23774156434839197,0.419171322536749,-0.829604503902486,-0.43847274864177693,0.23266985488796735,-1.2610299340352296,0.0896835202471191,0.09969150509801272,0.13414626541142455,-0.7396300677304847,-0.3788433383300505,0.320726582002618,-0.9374291919879566,-0.6290230246337709,1
-0.43802844806419927,-0.2757511068354942,-0.5039167094588398,-0.45647482679138535,-1.6247598810419142,-1.4630046093291824,-1.0852883556297868,-1.111967257306431,-0.9924056979214777,-1.5121594287049285,-0.1818163293465404,-0.4584037600885058,-0.25447528374722106,-0.2633739701598474,-0.41994258598643214,-1.1300764821777642,-0.9667238144430514,-1.2687840041498444,-0.040640745330307516,-0.9706241146937719,-0.5168989589987404,-0.7501615300627048,-0.5981479976732662,-0.5135816084001077,-1.743177176731066,-1.3120780895894986,-1.251114354135682,-1.4560417390113145,-1.0400401072898717,-1.541628815162405,1
2.001483439446145,1.6375505925366218,2.115658008814347,1.914064049175257,1.3565141773534886,3.416872536392252,1.9763209632979304,2.6364876719791233,2.1475018300839452,1.5497110565705434,0.8777566227542211,-0.7917270001857398,0.8150009485068113,1.024492364372476,-0.9158958856550911,1.1905612388573303,0.1897603554297126,0.6338556248180327,-0.31717310706161483,0.5215832565585792,2.181548770993407,1.233023267967283,2.0861309634712137,2.1781949507874088,0.7397344725541642,3.097862165414665,1.8269477234631868,2.6222630916695975,1.8162189529798474,2.3667162877510357,0
0.2553065094387411,-0.5278567425174673,0.19154560512696195,0.10497620719412139,0.18996129340662143,-0.46782904026600686,-0.7781947378924409,-0.2704625159823345,-0.0797682157330503,-0.8687930592277056,-0.4852032026068232,0.0057549983819840935,-0.4781163567749229,-0.3607634108073256,-0.6478217818472602,-0.6428166748867393,-0.7690392426803245,-0.4075210973508121,-0.8228322827988622,-0.7424083071479792,-0.019268552001731828,-0.4296788667010587,-0.06596155778534411,-0.14114129421730756,-0.47586229360826837,-0.5694311513962308,-0.964042034674203,-0.43627944333092594,-0.7781525473402083,-1.0572909263329893,1
-0.583543192231483,-0.3072643112957409,-0.6417672753856684,-0.5893129838013583,-1.4394617702156272,-1.2268999184454261,-1.0809341723766026,-1.108248732600478,-1.5211559852211223,-0.2876879513127952,-0.6289127741511674,-0.5339195626395126,-0.6971409856346217,-0.5378571449200286,-0.7615993035359527,-1.0113856842210074,-0.9547982794341201,-1.216060065207235,-0.6919026747954679,-0.7251512476267696,-0.6522377726171737,-0.548669954582858,-0.7202695204371987,-0.6251346448115908,-1.373193724629991,-1.1231942922228972,-1.2321691054340396,-1.2832031951740983,-1.1349934915991065,-0.7320850009778472,1
-0.6234884161205408,-0.21272469791500068,-0.5908494987820654,-0.6292512532291933,-0.17913453868460563,0.2269879043234689,-0.27919544120652584,-0.43662596263296277,0.5974667412877279,0.04990644471396325,-0.39015718968066937,0.6133937816993863,-0.37860633804241334,-0.42908137663466106,0.5813644353707489,0.8838261320137517,0.8221704707077362,0.9779819328865613,0.8058868926226737,0.33844711470084415,-0.6147593319228384,0.2208057470527777,-0.6167056800540596,-0.6111681330297356,0.35958421113609473,0.2994466497449417,0.013206014469533787,-0.005299611798849179,0.7426331078060817,-0.0229331637502137,1
0.28098558193885,0.12041489209331997,0.3604435958120852,0.1619895338411034,0.5913155010667983,0.9854884813171783,1.00281465072526,1.0385621951902193,0.19185008253731523,0.008398937005754139,0.29607502364616034,-0.4378564370688132,0.45184067395724065,0.19304818451639363,0.7038940741124176,0.6257791373675669,0.4931586508499794,1.0821669619348309,-0.6557841622428072,-0.10354491997503497,0.42214419395377406,-0.2345334825749078,0.4997484373711086,0.2730194974677004,1.0049555851714211,1.0129254403200565,1.1072017055761734,1.4491642756168293,-0.1196048819697104,-0.09288714769360255,0
0.9657608486084204,4.498499368891868,0.9027386149236335,0.7842161952167939,0.1577029178376727,0.5007324734640557,0.6527482130402971,1.037522048419323,0.025257526264824772,-0.43158064470124924,0.5234250865655199,-0.6280508886100696,0.09073215237122666,0.2381089704876149,-0.7191353282048454,0.12266864466116814,-0.19749174023233643,0.3291933429041522,-0.9627915189404218,-0.3715576198860661,1.3132982282413046,3.0401012559322087,1.0295403375969925,0.9588110375254526,0.1827701360579226,0.7243272778402349,0.21174090209214042,1.3762177756338527,-0.0905062641975254,0.04702082019317441,0
-0.7290579363987666,-0.9825472640153112,-0.7336676526702207,-0.7042078603437532,0.396264858091759,-0.48246677069921895,-0.564691320420976,-0.49201377818317205,0.29325424722491816,-0.1520967594659824,-0.54261099441422,-0.3086014820047646,-0.5842945726389924,-0.49788386704233223,-0.13501255303953583,-0.7196356963537378,-0.34903842648748484,-0.25171712209226277,-0.4537462326513624,-0.3627529976813674,-0.739687467570623,-0.7168440254558008,-0.7759425675795798,-0.6817169233124392,0.28885858110482515,-0.6033476021150133,-0.44410883012322927,-0.2690979750025935,-0.379960935720837,-0.31983709560154194,1
-0.027163288062456718,0.07314508540295066,-0.019576883229441955,-0.145072088354063,0.7488564050081752,0.1870668213237999,0.29278590432537094,0.4269558939034005,-0.4817632971731909,0.3681306704768902,-0.6771961487176537,-0.457350051215701,-0.6273813848736871,-0.49231183436847153,-0.5719701007214654,-0.4150645056078213,-0.32464459368987536,-0.32954018166922794,-0.9661776294922337,-0.3409175346137144,0.1743700582523343,0.8078284472696542,0.21240367792656145,-0.0057735646393284445,1.2790174015425881,0.6213446002032045,0.5896417916358607,1.0204175002066804,0.40876475652522465,1.1438565684353126,0
-0.29251370389691517,-1.2279000701700884,-0.36772200618578726,-0.34447402774376096,-0.9375814619452384,-1.2567456804975594,-1.0436638481100022,-1.0240748551657233,-1.2640239961918422,-1.0514260931438206,-0.005410929355599152,-0.6765214967590878,-0.1323959824155857,-0.14926843149078722,-0.9499318964166656,-1.1291027199338164,-0.9045774761620418,-1.0787252541890608,-0.741565629555376,-0.5427194755454107,-0.30660326399163623,-1.3181456562184937,-0.3844353328363841,-0.35833845820948873,-1.3599326689991282,-1.2183453530575907,-1.1842103790170662,-1.1736345747915047,-1.233009888305413,-0.9761229449635618,1
-0.15555865056300147,-1.8806735911323398,-0.15245986119494373,-0.2617034113933202,2.4818063483633286,0.023580481420393887,-0.2493841297287605,0.451139306326731,2.1764744485661183,0.502338278733429,0.04249226115918232,-0.35074983691695444,-0.08879623194000165,-0.15798987393683003,2.0491268804032243,0.15188151197960412,-0.6365807305893056,-0.539173088602717,0.5564434153058618,0.8276319243939091,-0.44194207761006965,-2.0971406448846728,-0.46225787185261547,-0.47812815541539894,0.5629203974759921,-0.7285301384043377,-0.8777364088134331,-0.5967617432934746,-0.30951165058817914,-0.6498490198535585,1
2.691965166671296,1.1198336621182843,2.62897543148482,3.175881836895262,0.8163739352687654,0.4722174141785779,1.7549008490024942,2.4128561162364934,-0.018201401458433915,-1.0680290962271042,2.31941454681812,-0.5079280771103288,1.8654984658479425,3.02654793031964,-0.2549489719136561,-0.31768828121303455,0.10133271153837853,0.21395838653258084,-0.6772295290709495,-0.24512324502659152,3.0123208730511757,0.7967226124006862,2.861363179055982,3.641097531015042,0.8458229176010668,0.0725147612992699,0.9319433220196653,1.4104579695034132,-0.4886978758168968,-0.35775108689910384,0
1.2995887911098354,1.3089128888797639,1.3746594712497129,1.2686847678414013,0.7788641962351041,1.6204238014071508,1.768507671668694,1.9811952063146745,1.3797274403063793,-0.11197283534804826,1.6415463826287922,0.4430441805959527,1.4100093079383116,1.5947777954276097,-0.269211681185173,0.4413052900418872,0.5934782882301481,-0.01177584307200439,-0.08127407195205053,0.2627273637404346,1.4465549062656076,1.3171103034037548,1.6072230310636348,1.4279425871210951,0.7397344725541642,1.0462252282984976,1.531655603252091,1.0516802859136705,0.8146138991372754,0.7337446625687297,0
0.47215201055077166,-1.8041415231574551,0.4639350116730676,0.28238315762356264,0.6213232922937272,0.5026334774164207,0.3731898564438252,0.3614266473369554,-0.06528190649196373,-0.026190652751083912,-0.896942530602921,-1.4516999908524446,-0.8628200374418411,-0.612958454872064,-0.3385803126420965,-0.39937611389977223,0.026321675685729743,-0.1554248982749221,-1.0203553983212246,-0.5487066186446058,0.16812365146994554,-1.8258409645141707,0.17049923384089813,-0.032632241142895764,0.9607520664018782,0.2581302461420613,0.5599756590025976,0.4621534697247158,-0.5438320989641942,-0.12118914119741639,1
0.10408530471587733,-0.9262736846220136,0.09840333085207778,-0.027572542066374404,0.2762336931840424,-0.02584562134110107,-0.05022972525074279,0.18486173297736783,-0.2825765451082562,-0.2724685318197848,-0.6019197064801398,-0.8329972643705924,-0.361679376093069,-0.4353801961790254,-0.4449023272115868,-0.14132911925358715,-0.04137121032763631,0.5170421074002756,-0.7054471170027153,-0.4529123290574831,-0.07340407744910513,-0.9294414358046156,0.053765425316550604,-0.18912879623701462,-0.03382710591283872,0.1076645374987356,0.14875742050152044,0.6809929696736459,-0.3386102683603641,-0.38712108015777885,1
-1.0257938852889135,0.12716772162051593,-1.0296531020326307,-0.9027415764850201,0.823875883075498,-0.8316811967487037,-0.5024710313200799,-0.45534860450908976,-0.23549604007472635,0.22423797708843615,-0.10273804659198059,2.455628127653014,-0.15804289446004705,-0.38644321356511846,2.9048894366942433,-0.6341610104960915,-0.422219924880313,-0.05123986922665217,1.576791394918522,-0.08945752444751702,-0.983297332083803,0.5952310369208395,-0.9914511371629899,-0.8410784039002719,0.8458229176010668,-0.946212085744887,-0.7284473013620432,-0.6966537871477141,-0.04456107824144409,-0.35241108812479993,1
1.3509469361100532,0.15417903972929897,1.2132128625065808,1.3092018527681903,-0.5092202421808255,-0.8482199311342807,-0.10799687238815546,0.265733144414528,-0.9127309970955036,-1.7736567272666388,-0.26849829313519274,-0.6773995874864251,-0.23703538355698753,-0.058904597258176775,0.15964205441066712,-0.7813073051371028,-0.191088359122964,0.4696852760146982,-0.16818424278188993,-0.7529738537936178,0.7823536517382198,-0.2234276477059398,0.6643730391362138,0.650831546951214,-0.3565127929305026,-0.8635792785391261,-0.258809601675463,0.22693822488164794,-0.5285170369788338,-1.4262848416374285,0
-1.1399230964005087,-0.9420302868521371,-1.1521869384120338,-0.9612019418793872,-0.2511532376292356,-1.0742493010705016,-1.0803033105984425,-1.1911484302408855,-0.3586296686239581,-0.3181267902988141,0.09723876460464673,0.09532025257038722,-0.07443396119510336,-0.30867701842123657,2.3700378390123564,-0.7347831090373713,-0.9422049632523541,-1.4602634590521952,0.5180674957186601,-0.1211541643844326,-0.9020940439127432,-0.7184305732942251,-0.9402678518869301,-0.7798406214721385,0.8723450288627933,-0.9505287249272776,-1.2358750900029951,-1.5443218910315293,0.032014231685358094,-0.37964508187375257,1
-1.8215598097645103,1.3831940136789171,-1.7905219914425732,-1.3869207413601503,-0.7005199112524991,0.3125330821799024,0.04439954147328429,-0.8989712022962127,0.8509771530067348,2.0381160639371223,-0.681758357338109,0.46587453950672236,-0.7079126886932954,-0.6648025849679852,2.7201225211314095,2.109143622314819,1.8302456110689445,0.3134077324422929,0.029338872740472154,1.316112364310598,-1.566711725558957,0.9807621616578691,-1.56584133859433,-1.1619500591962229,1.2038714196343647,0.3105465790710888,0.28111401224992477,-0.9550928156588316,-0.18699115470529565,1.202596554952662,1
-0.6891127125097082,-0.5008454244086843,-0.7407050689487675,-0.6616649211706246,-1.530985533457761,-1.276706221997394,-0.9973140621734102,-0.9514986142264583,-0.47452014255264763,-0.7567227884155444,-0.1730720961573344,-0.9506614218337888,-0.30782086079970045,-0.3183675100279508,-0.1606205992315777,-1.0057595023670864,-0.8095025128333592,-0.8458874998766391,0.15462496315751337,-0.40360644471116985,-0.6085129251404493,-0.94689346202728,-0.6942289016125365,-0.5909345967303816,-1.449223776913605,-1.1795572666901104,-1.1284380496665316,-1.0649591768576823,-0.27735002041892237,-0.8452929749931019,1
-1.2235227435397518,0.14517526702637154,-1.2204912728802821,-1.0277657242591123,0.4787862839658142,-0.9590484615571712,-1.0155843140624805,-1.047270128156703,-1.6370464591498106,0.8468505927115556,-0.24302596167098342,1.4563608799431818,-0.3555241172023983,-0.4632403595483288,1.313300742986325,-0.5925056256160994,-0.8290480713624436,-1.0110049853076852,-0.31378699650980263,0.6525960349644971,-1.0998969253550688,0.09229537214043408,-1.137218739089547,-0.9067926324123333,-0.03382710591283872,-0.9947434434097631,-1.173941333105552,-1.3449844145474357,-1.4979604606521484,0.30974875988895473,1
-0.7347643969543463,-0.19021526615768217,-0.7580916268134127,-0.7010243750995055,-0.1926380447367237,-0.8278791888439734,-0.7737415959289573,-0.7156453339258014,0.11579695902161329,-0.4758553195900045,-0.02365976383742076,-0.651232483811774,-0.07238220823154645,-0.29511033017183663,-0.226423553370622,-0.8078152773334615,-0.6112721290617859,-0.3914197746797156,0.24040643047008214,-0.8286936047540273,-0.6730591285584712,-0.5153524499759541,-0.7088954570425184,-0.6510980320983725,-0.6217339055477601,-0.9320288427170326,-0.8975442573716425,-0.7252369055083907,-0.2635664646320978,-1.0257849335645934,1
3.325382288340648,-0.41305864055514,3.419649848662725,3.937024218019944,1.4165297598073474,2.5253016827329797,3.0661037604726724,3.7208406806381515,0.5576293908747404,-0.21712518820884125,2.2654284114760648,-0.6371830321743774,2.2553315289237537,2.7600594111349976,-0.22998923068850144,0.9114160622589415,0.30989998195793883,0.5407205230930641,0.28894068171271975,-0.15108987988040848,3.5245262292070927,-0.3376590920724675,3.6665271404162243,4.2284072572263804,0.9121281957553813,2.0822186320722165,1.6767914521348244,2.4034235917206677,1.191364423977142,0.21736678109348764,0
2.1897966377802773,0.3815243004782205,2.3060822139985553,2.4349979982339747,-0.15062713701902367,1.7610980938821745,1.6151216707042586,1.5755379656652535,-0.2934412770390706,-0.1161235861188684,2.920105348511412,0.24283949476305153,3.0991149351865275,2.849696458497105,-0.45106122439701457,1.299298022764842,0.9389559452262911,0.6243842585409174,-0.1749564638855139,0.281745347702584,2.495951245706999,0.39215291360256843,2.666806831515403,2.7064155886908994,-0.2283225884988273,1.3348233907783191,1.382868538045264,1.041259357344674,-0.12113638816824628,0.24032877582299686,0
1.602031200555563,0.4400488230472503,1.5899216162405565,1.6015036797400264,1.0189265260505374,1.0729346631259766,1.3417482335015134,2.0722080487680703,0.9668676269354243,-0.38592238622221997,1.318009754628165,-0.74957864527355,0.9027133876988688,1.3290160631134713,-0.3009786245626427,0.7832040334724719,0.17756343903090796,1.4089290984953147,0.1930008827447152,0.26660139751050227,1.5340046012190571,-0.02828226357978889,1.3677690648598453,1.49777514603037,0.5319779343373118,1.0388252754143994,0.7881766792584676,1.9181060612216794,1.073438446689867,0.1869287880799521,0
0.4778584711063513,-0.01689264162632587,0.6419402469539572,0.315375641063948,2.12171285364018,2.5272026866853445,2.5045130795222375,1.9759944724601948,2.075070283878514,1.8333456925766303,0.46183527018937226,0.19366641403216342,0.33437781679360823,0.2918911989048789,0.7295021203044597,2.164323482805198,2.0439965709579964,1.7641053338871442,3.9098215651169386,1.2382795040210606,0.24099839726448613,-0.24405276960545152,0.3770282796916667,0.07659304330494467,1.0005352332944675,1.532772130427941,1.8689367111902668,1.478938357242534,2.0413503641646455,1.1171565745637901,0
0.132617607493776,1.8558920805826158,0.2126578539626026,0.02654670708583662,1.3415102817400246,1.0653306473165163,0.9273586341217873,0.6612489540477131,1.814316717538964,1.1055807240927178,-0.10996154357436831,-0.3173823892781377,0.02764074874185219,-0.16041249683850864,-0.47699342307250003,0.9097931251856949,0.4547383641937447,-0.11911799421264627,-0.2505795995426469,0.581806872438719,0.2618197532057839,1.8121132289920405,0.5177074848363926,0.12655018160158005,1.566340273544618,2.476882785890776,1.9392226254290745,0.8492165308588779,1.9999996968041724,2.671096217886391,0
0.09837884416029771,0.10690923303892885,0.1195155796877184,-0.0206267560789249,0.11269123099727886,0.2022748529427213,0.06122252222422243,0.2646929976436319,0.2787679379838326,0.1550587975747562,-0.4160097051965833,1.1191740406456634,-0.23036718642542767,-0.29850200223418655,0.3003242322251757,0.18217633734687122,0.021747832036178062,0.40812139521344754,-0.6964174888645505,0.22469139581613595,0.0265384310691223,0.8173477343001979,0.08070399651447709,-0.08258937943953093,0.4745133599369061,0.28711339493811167,0.19029000618808872,0.6303770309099479,-0.2972596009998913,0.5046587151510679,0
0.04987392943786983,0.6426337088631211,0.19982491839584066,-0.011365708095658678,0.66633497913412,1.8504452796433386,1.5409026379795312,0.9964362509689332,0.5322783497028394,1.4030511960015413,1.1583324529122268,0.09532025257038722,1.3069087215195776,0.5234939483053496,0.754786014013058,2.433190057939693,1.1127620039092578,1.0774312787962734,-0.4277860517541375,0.8096704950963236,0.30554460068250866,0.6031637761129595,0.36804875595902425,0.15573661006878978,1.3983669022203546,2.2733840815780817,1.8917568132158538,0.9578919287927004,-0.10428981998434997,1.5550364740567566,0
-0.783269311676774,-1.1558698885466676,-0.819772510666558,-0.7322804120430285,-0.1671314221938345,-1.2307019263501566,-1.0816639928650624,-1.1669910214868267,0.5503862362541971,-0.6322002652909209,-0.613705412082983,0.11639443002648212,-0.6463600997865885,-0.5349499974380143,0.4367924277549176,-0.8971850121668989,-0.9455591152620255,-1.3136151378615244,0.3149008626099446,-0.7702309133148274,-0.8333835693064616,-1.0658845499090792,-0.8810029952514921,-0.7422384743671442,-0.285787162899233,-1.1257842757323318,-1.2448433900990508,-1.534049832870661,-0.23599935305844955,-1.0797189211850684,1
1.6362699638890408,0.6426337088631211,1.5899216162405565,1.7664660969419534,0.1719566186704637,-0.014439597626909885,0.7294412135225152,1.2161672563207027,-0.7968405231668141,-1.2216068747474733,1.3659129451429464,-0.3454812925529309,1.559274336037076,1.7740518901518234,-0.18947017025805543,-0.3598846451174421,0.043092435734086255,0.5612418166934808,-0.8160600616952385,-0.6399225046852853,2.3148054490177112,0.8205208299770458,2.394427944958593,2.7314836867608956,0.8325618619702041,0.3635795747404577,1.1843336504226574,1.8555804898076997,-0.22068429107308912,-0.4234330718230493,0
-1.5627718235689683,0.37927335730248907,-1.52889569214601,-1.2381651581289388,2.12171285364018,-0.2629008142010398,-0.728962779518372,-1.012893277378592,0.09406749515998344,0.6628339752051674,-0.15482326167551277,1.4985092348553717,-0.17035341224138845,-0.503455899716193,1.5726227297411794,0.3266177368658051,-0.07613242206422977,-0.3781598618917541,1.442475676363316,-0.2697761871997482,-1.3820262983596492,0.2112864600222334,-1.339258023073994,-1.071883963987594,1.3939465503433996,-0.5318147242353993,-0.8566506345417907,-1.2858828625204117,0.09174297342826397,-0.371635083712296,1
-0.6662868702873891,-1.036569900232877,-0.632660030789902,-0.6471945336967714,-1.127380741455564,-0.13021073832594973,-0.26806258629781676,-0.5674244190731285,-1.0974314399193517,0.6642175587954405,-0.7851684194017643,-1.004576192492298,-0.7592065127822178,-0.6330662249559961,-0.03128375833759412,0.7345159212750787,0.2339741773753796,0.5722917440167823,0.20428791791742154,1.059369580821581,-0.781330179453218,-1.2864146994500134,-0.7648678216426543,-0.7139473351167199,-1.107972612012733,0.14343097643854238,-0.039736622229827996,-0.12737334646423876,-0.4718513076329996,0.785542650679483,1
0.6490522877737444,0.8992412308965579,0.7205937230083042,0.5521111801361873,0.10518928319054742,0.8790322599847279,1.140119861266005,1.0276406540958118,1.3507548218242071,-0.08291757995230246,0.12271109606885607,-0.3367003852795578,0.07534400514455003,0.1533171689288652,-0.4679171535360801,0.7350569002994943,0.8605907573639711,0.7743475579285785,1.2618831136000128,0.09543954185115767,0.6615897872786943,0.844319047553406,0.6733525628688563,0.5237004781676621,0.4037877299056365,1.2978236263578293,1.9670631499002906,1.6471619184277662,2.928092453117014,0.6440326831604146,0
1.8245831622231727,0.30949411885480044,1.784485478059203,1.879335119238009,-0.33442485828396373,0.5292475327495335,0.7838685041873149,1.385711179976743,1.3181606260317629,-1.1884008685809064,1.652571720128226,0.9172131733580875,1.2017563821372865,1.483337141950396,-0.6938514344962471,0.2871262680834748,0.25714831853310866,0.8422256829145731,0.8318470735198985,-0.38564501541358426,1.4632119910186459,0.2287384862448972,1.3528031919721084,1.3831781262818161,-1.0018841669658296,-0.01628467330990582,0.1437369980558911,0.7018348268116393,0.47155651066520227,-1.0797189211850684,0
-0.05569559084035538,-0.7056812534002873,-0.13341744067652261,-0.15346491308889781,-1.9323397411179366,-1.048395647318335,-0.8470947399385627,-1.0324480366714355,-0.7063010904100256,-1.1123037711158594,-0.5505948595000169,-1.039524203440322,-0.5724969930985402,-0.38886583646679695,-1.086075939462964,-0.6184726187880426,-0.3847144069539886,-0.7322311045512537,-0.4876073381694818,-0.64943149666636,-0.14419668764951638,-0.910402861743528,-0.21382438191618403,-0.2278052904021516,-2.1007836435766687,-0.8185628984941965,-0.7695234850080996,-1.024019814622338,-0.5668046919422348,-0.9531609502340526,1
-0.41234937556408996,0.3297526074363875,-0.39090408333864685,-0.48975671798124787,0.24847648629913335,0.331543121703554,0.2173298877218983,0.31201967571939776,-0.2427391946952696,1.0958956389608026,-0.21489234184484204,1.0348773308212837,-0.05853287572753756,-0.452823081071111,1.890292163515876,0.8026792783514293,0.564510611782987,1.7830480664413755,0.07335830991402734,0.7314854499185983,-0.5981022471698004,-0.0378015506103332,-0.5328967918827333,-0.6179723310773061,-0.16201731034451275,-0.1914168915668917,-0.25607118943239265,-0.054426846481262024,-1.050760650679624,0.04168082141887053,1
-0.6662868702873891,-1.1873830930069142,-0.7183509231227957,-0.6434322329535694,-1.3419364487281071,-1.1417349413794657,-0.8223550623636535,-0.5351798691753541,1.0827581008641138,-0.22819385693103053,0.6196116516467873,0.09532025257038722,0.4574829946070222,-0.03249800762988053,0.309724654245039,-0.6038661851288245,-0.5292478662798242,1.0742741567039018,0.9503609428333158,-0.6371050255797818,-0.6022665183580599,-1.1817025421140301,-0.6616032987172701,-0.6066916869458078,-1.2715256314600423,-1.0547447280449906,-0.960071336921751,-0.465309172915988,0.28930727303941295,-0.9184509582010736,1
-0.45800106000872803,-0.446822788191119,-0.461278246124115,-0.4906249412296789,-0.5054692682774597,-0.5163046410513191,-0.653630461302774,-0.6376343261086052,-0.99964885254202,-0.32089395747936117,-0.9342005676699732,-0.75994011585613,-0.8063968309440265,-0.6604418637449637,-1.0640335705888015,-0.6422756958623238,-0.580474915154804,-0.7196026161817665,-0.6128934285865228,-0.8005188136989911,-0.44610634879832906,-0.217081456352244,-0.4185575230204241,-0.47490511423497095,-0.21064118099101084,-0.03355123003946796,-0.3418747730485996,-0.1318394587080944,0.18822786393603422,-0.3988690774612486,1
-1.11139079362261,-0.39730203832501665,-1.0958876081836593,-0.973935882856378,0.7563583528149077,-0.3505370964050749,-0.8813591933798115,-0.7556909846052955,0.39103683460224997,0.8717550973364803,-0.5787284793261583,0.0057549983819840935,-0.6073767934790074,-0.584371504632257,0.26596406898015745,-0.6265873041542748,-0.7306799406060838,-0.6362545929431503,0.6298091439284537,-0.018668361921738676,-1.0478435355018252,-0.4550636321158426,-1.0435323748123144,-0.8897821372934073,0.3640045630130485,-0.6909137112435063,-0.9675106901820922,-0.8694923309849304,0.2188579879067551,0.20775478329973962,1
0.5805747611067867,-0.2802529931869579,0.5591471142651714,0.4728134567794715,0.08943519279640952,0.19467083713326058,0.06852072710882051,0.2917368136869266,0.21357954639894408,-0.041410072244094306,1.1632748455843867,0.20771586566956002,0.8760405991726293,0.8457027942285982,-0.10000408482763064,-0.3355405890187453,-0.05570258709623189,0.0024312063436687675,-0.2302629362317754,-0.13383282035919886,0.774025109361701,-0.06953250737881289,0.6643730391362138,0.6454598116505006,-0.04266780966674757,-0.20005016993167277,0.011380406307486777,0.11081930654139949,-0.1839281423082239,-0.13347113837831634,0
-0.7718563905656148,-0.09117376642547823,-0.8040418154556889,-0.734016858539891,-0.6667611461222034,-1.014747877361471,-0.8033055106309737,-0.6886015178825068,0.7640592975602184,-0.44680006419425866,-0.5068736935539861,1.3351843595706359,-0.44682712408068026,-0.5252595058313001,-0.17520746098653825,-0.6292921992763523,-0.5713272278557003,-0.273185552320391,1.5090691838822838,-0.31203837378230237,-0.8000693998003857,0.06849715456407446,-0.8235340433625826,-0.7399107224035018,-0.9090567775497898,-0.9802518690117378,-0.9238330149051187,-0.7760017146802174,0.543537301996396,-0.7550469957073564,1
-0.5778367316759028,-1.050075559287268,-0.561043971014102,-0.5797625280686151,0.5312999186129395,-0.23837786321552887,-0.28463817027300575,-0.5388203828734899,-0.46003383331156106,-0.3250447082501822,-0.5144773745880784,-0.850559078917338,-0.501198577614938,-0.4676010807713502,-0.5155675686022847,-0.6119808704950568,-0.2828701550239693,-0.9462839824140631,-0.7347934084517522,-0.4902439272054058,-0.5085704166222216,-0.7945848695385767,-0.5065568556003166,-0.5191324015441783,0.7529955281850269,-0.24938318915899257,0.12456811235439813,-0.7246414238758767,-0.2528459212423459,-0.0571091559057624,1
0.29239850305000925,0.6133714475786066,0.23459803412513092,0.1828268918034519,-0.40944433635128646,-0.620669758036168,-0.45027031163702175,-0.386698917629957,-0.6737068946175824,-0.8217512171584032,-0.3361710543386141,-0.6670381169038452,-0.3734769556335212,-0.2243697414428226,-0.7791035376419052,-0.8267495431880033,-0.5021097272924838,-0.38400053776264204,-1.1106516797028758,-0.7695265435384516,0.39507643123008757,0.9490312048893894,0.32614431187336135,0.28197238963555615,0.28885858110482515,-0.31043280045280114,-0.029695777338569818,0.5782723880649645,-0.36311436753694065,-0.285661103445994,0
0.055580389993449456,0.7326714358923976,0.09012401758319906,-0.05738154026251233,0.5838135532600658,0.2269879043234689,0.7096494714625882,0.3427040054608283,0.4489820715665942,-0.4094433072568716,-0.7460094620761889,1.1191740406456634,-0.4770904802931445,-0.4998219653636751,-0.3129722664500546,0.013390881729240666,0.42546576483661336,0.17449436037793306,-0.7088332275545274,-0.020429286362678514,-0.1900036707203709,1.3583605472027793,-0.07494108151798613,-0.25824512377286124,0.24907541421223714,0.10643121201805239,0.6649481283202978,0.3281701024090442,-0.3278897249706122,-0.030409162034240024,0
-0.4950930536199966,-0.9780453776638475,-0.5506948294280037,-0.5224597936721561,-0.6900171843230738,-1.0978217500798297,-0.8391780431145917,-0.7195458843166613,-0.8366778735798016,-0.7885452109918373,-0.05939706469765463,-0.537256307403394,-0.114443143984463,-0.2185554464787941,0.20210602974177452,-0.9246126487047639,-0.5923669086436386,-0.21383165698380083,1.0056674151795773,-0.8389069665114781,-0.6293342810817467,-1.4054057873318129,-0.6792630287247997,-0.6077660340059505,-1.2184814089365903,-1.1630307052489581,-1.0428626670705805,-0.9859089901414361,-0.9404922043850288,-1.2997268706864125,1
-0.08422789361825456,-0.7889661509023679,-0.13341744067652261,-0.18443154228294395,-0.5887408889321879,-0.6896762015070241,-0.9695561439343622,-0.9952627896119053,-1.437859707084876,-0.5948435083535338,-0.1620467586579005,-1.2827553349127505,-0.3026914783908083,-0.23817869198239042,-0.2095676242315565,-0.7585861861116525,-0.7548603273667142,-0.9467575507279189,-0.9616628154231511,-0.44023367308271677,-0.19416794190863026,-1.3022801778342536,-0.26650425448101744,-0.2971006757813552,-1.1123929638896872,-0.9184622624295194,-1.1069415135584286,-1.20638606457978,-1.6128234255423513,-0.8533029731545592,1
0.2010951341607331,1.045552537319132,0.24039355341334595,0.05404044328615783,1.5890745593621893,0.8448141888421546,0.4672006312284796,1.0942100474331524,0.546764658943926,0.5203248654069864,-0.15672418193403587,0.1181506114811565,-0.19240975659962492,-0.0952439407833552,-0.12172230121834975,-0.134296391936186,-0.28500461539376015,0.029266744128829236,-0.20204534830000936,-0.20779164687866875,0.23058771929383728,1.2187443374214677,0.23335589996939268,0.09414071195394211,1.4337297172359889,0.5276118636712966,0.11270165930109294,0.7033235308929244,0.6262386367173426,0.26863076932680996,0
1.105569132220124,0.1609318692564949,0.9358558679991478,0.9619125533957119,-0.9000717229115771,-0.6889157999260781,-0.19792560037294976,0.20150408131170308,1.1841622655517168,-1.7335328031487038,0.5766508538041659,0.00048645401796017376,0.2728252278869015,0.36020916473221437,-0.9901268043636681,-0.9283454039732307,-0.29232276523304296,-0.28281477470212507,3.3127374044807683,-0.6733800690631407,0.9114460585742634,0.33662373925772854,0.6703593882913083,0.6955960077904929,-1.1123929638896872,-0.8376794434447831,-0.24100992209550526,0.064669480021557,3.016919812632105,-1.2265688874784413,0
-0.737617627232136,-1.0590793319901959,-0.7287000647088939,-0.7082595688364322,0.6438291357139236,-0.40262460469988093,-0.4434669003039218,-0.7416490031982003,-0.08338979304332145,0.40963817818509934,-0.7433481737142565,-0.08381025580641942,-0.64533422330481,-0.6015721272341747,-0.6876925373108193,-0.24032828072162052,0.276358461861226,-0.5709021656310537,-0.26638144878443604,-0.07043954048536756,-0.7917408574238666,-0.6041991289276979,-0.7412217424800299,-0.7250489214048611,0.1253055616575157,-0.3394159492488515,-0.0826384140379316,-0.59318885349839,0.04426628127364593,0.4122767363556008,1
0.16114991027167516,-0.9127680255676222,0.172917150271985,0.0065775723719191746,1.2889966470928984,0.5786736355110282,0.13272019041570943,0.5832379462305167,1.1370817605181869,0.0941811196027185,0.42799888958766147,-0.8368608635708764,0.5072380039732769,0.08693730142287256,-0.5090845189334133,1.002841517385158,0.36173687665285875,0.7222550434044439,0.3927814053016188,0.361691317321249,0.028620566663252366,-1.1848756377908785,0.07771082193692988,-0.12341456772495318,-0.2062208291140558,0.3259631475796263,-0.07898719771383758,0.3802747452540276,0.3658825829662151,0.03473882301227445,1
0.7603282686075487,0.5165808910221349,0.7661299459871362,0.6363288352340134,0.006163572141681363,0.5729706236539328,0.5673963254068611,0.31123956564122573,0.340334752258448,-0.8604915576860643,0.23790686373535433,-0.5163577480927668,0.09380978181656212,0.14580703793366162,-0.4222116533705371,-0.032051356321659875,0.13578900036500177,0.04663091563687436,0.8013720785535913,-0.4046629993757337,0.7927643297088687,0.5254229320301836,0.7990658951258454,0.6382974979162159,1.0579998076948731,0.7859935518743848,1.201220525921592,0.999575643068687,2.98782119485992,0.12017880340114619,0
-1.017234194455544,0.85422236738192,-1.0242715484078597,-0.9128708477167173,0.4112687537052239,-0.6746582702833392,-0.7914304653950173,-0.766092452314255,-0.38760228710613026,0.3847336735601727,-0.4262746745926078,-0.12420242926393445,-0.2749928133827901,-0.4508849827497682,1.0021143588805002,-0.6033252061044091,-0.4234396165201934,0.13345177317709941,1.563246952711274,-0.649079311778172,-1.097814789760939,-0.23612003041333204,-1.098606787039186,-0.9128805990864752,-0.7985479806259322,-1.0477147728050977,-1.0776861427616262,-1.2342248308998138,-1.0492291444810877,-0.8709249691097638,1
-1.0372068064000732,-0.8632472757015203,-1.0337927586670697,-0.9261836041926622,0.69634277036105,-0.49881540468955954,-1.017885104076947,-0.937456632819363,-0.05079559725087818,0.23807381299117253,-0.789350443970515,-0.5462128328222345,-0.8294790517840416,-0.661653175195803,-0.18331127307262768,-0.9478747467546297,-0.905004368236,-1.0548889823916536,-0.6512693481737246,-0.3497221568184131,-0.9749687897072842,-0.9373741749967356,-0.9977368037758396,-0.8543286843086986,0.07668169101101885,-0.8678959177215164,-1.1470136127153592,-1.0348873544157204,-0.4550047394491033,-0.07419715198353674,1
1.7161604116671576,1.0275449919132764,1.784485478059203,1.7288430895099351,0.8988953611428206,1.5272746077412565,1.723976252033858,2.07480841569531,1.6187515427843007,1.6479454914799692,2.5589304993920283,0.9295064435408097,2.5538615851212816,2.219814504060679,0.2870339804039896,1.1759548051981124,1.341454186386846,1.2163446508606333,0.741550792138247,0.7445162907815525,1.5569080927544843,0.5904713934055672,1.5563390632453298,1.474497626393945,0.10320380227274417,0.5121952951627592,0.9835167525974922,1.1633330920100635,0.5848879693568697,0.5666027009329995,0
0.6804378208294328,0.18344130101381345,0.733012692911622,0.5304055989254074,0.1719566186704637,0.9911914931742737,1.1178541514485867,1.0518240665191427,-0.029066133389248336,0.062358697026424645,-0.3620235698545278,0.12341915584518041,-0.17599573289116974,-0.18366967669462278,-0.1463578899600608,0.8308101876210343,0.6468397974749187,1.0221816421797667,-0.448102715065009,0.2711798010569456,0.33053022781206504,0.4349897052400161,0.4997484373711086,0.19459216207728391,0.4037877299056365,1.2990569518385122,1.40797065027341,1.33006794911401,0.21732648170821922,0.5933026948045218,0
0.17541606166062426,-1.1963868657098418,0.2743387378157479,0.01873269784995605,0.5312999186129395,1.5234725998365266,0.693568681038897,0.3845699129893903,1.0284344412100406,1.5607797252927316,0.559922755529163,0.5220723460563084,1.0104304182856059,0.24901077354516848,0.9392287770924481,1.4529360656988393,0.6184819668476977,0.6543769184184498,0.647868400204784,0.5740588048985839,0.0536061937928095,-1.1690101594066384,0.21839002708165584,-0.11338732849695467,-0.0515085134206552,0.6626610038060848,0.20170005720088224,-0.049960734237406386,-0.13032542535946237,0.4272287329236527,1
-1.1541892477894582,0.44680165257444626,-1.1757829812283378,-0.9907215323260479,-1.113877235403446,-1.2230979105406956,-1.0695044413369947,-1.1195083213954267,-0.6230048122737804,0.2228543934981631,-0.8129218551762012,0.223521498761631,-0.841789569565383,-0.6679519947401673,-0.43906758250960265,-1.0757621881264499,-0.9276601404467797,-1.2829910535655176,-0.7156054486581513,-0.4941179609754734,-1.0603363490666038,0.5127305493227919,-1.103994501278771,-0.8885287323899075,-0.873693962534155,-1.1414475093370056,-1.2110924592032075,-1.315508073737988,-0.8623853882596908,-0.18526912648906962,1
0.041314238604500376,0.8609751969091161,0.1149619573898352,-0.11497368240844827,0.8613856221091594,2.620351880351239,1.3504071206527317,0.46726158127561845,2.1076644796709587,1.748947093569941,-0.4293161470062448,1.5740250374063778,-0.3657828820201828,-0.18052026692244066,0.2889788953046507,5.94089805224968,2.5644999782769866,0.790133168390438,3.4244790526905624,2.7843711631661683,-0.09630756898453219,1.82004596818416,-0.012084415389491154,-0.19718639918808484,0.925389251386244,4.172705321829899,2.6064824086572376,0.9385387757359923,3.4518675730163397,3.231796089188361,0
-0.3467250791749232,-0.2915077090656175,-0.3478516543404785,-0.41480011086668783,0.24922668107980628,-0.15207228377814935,-0.6189949126979013,-0.6516763075157005,-0.304306008969885,-0.38868955340276706,-0.5072538776056907,-0.20849913908831405,-0.5371042544771837,-0.4559724908432931,-0.5787773028737804,-0.485391778781834,-0.3594058054264688,-0.5486444548798323,-0.3736082829251469,-0.34021316483733854,-0.40862790810399374,-0.14092716010789236,-0.44669336404936927,-0.44840455341811775,-0.15317660659060514,-0.2586331302641151,-0.47742617908058627,-0.5194980014747708,-0.2038377228891928,-0.26163110896162356,1
1.1911660405538205,0.15417903972929897,1.1593973262588695,1.1297690480924099,-0.1041150606172829,0.10532365137209689,0.29402288820411626,0.6706102749857766,-0.029066133389248336,-0.741503368922535,0.18163962408307122,-0.7736383312025917,0.18203515924950878,0.35705975496003217,-0.8961225841650333,-0.6363249265937535,-0.3036049129019373,-0.1996246075681277,-0.8013869159707199,-0.5758248550350782,1.3903372452241045,0.309652426004521,1.3887212869026766,1.3133455673725412,0.5231372305834029,0.00961516178443704,0.45956721009001505,1.1767314287416308,0.23111003749504377,-0.02133116411792224,0
0.3951147930504451,-1.666833989437809,0.45151604176974985,0.2525741594274247,2.2267401229344324,0.9892904892219088,1.4134932984687496,1.5989412680104127,0.5938451639774558,1.0945120553705296,0.08355213874328063,-0.9754235803447002,-0.010316681083950325,0.1324826119744296,-0.5463620545294235,-0.12834562266761557,0.32118212962683323,0.243951046410113,-0.3239453281652388,0.12467088757075756,0.5387437872250395,-1.3752613784017573,0.5446460560343191,0.4108940368526793,0.9165485476323364,0.630594541308327,1.393365784977034,1.0204175002066804,0.46543048587105795,0.903556623591612,0
1.5734988977776638,1.2841525139467131,1.4947095136484527,1.5667747498027784,0.538801866419672,-0.09028965532628072,0.9471503761817147,1.1030512949857683,-0.5034927610348198,-1.2271412091085676,0.2603377227859265,0.28323166822056656,0.046619463654753446,0.41205329482813563,1.562898155237873,-0.3404094002384846,0.5053555672487843,0.5265134736773909,-0.4943795592731054,-0.7068376334409961,1.090509719669422,0.833213212684438,0.98763589351133,0.9820885571618776,0.9032874920014725,-0.441165301405199,0.5476528039087807,0.48299532686270935,-0.9481497353777091,-1.2372488850270502,0
1.9586849852792976,0.9600166966413192,1.9583510567056541,2.0674501563981016,0.3512531712513651,1.0862416907925332,2.2546423360156567,2.1528194235125064,1.4594021411323534,-0.5256643288398539,2.30040534423289,-0.690044093960082,1.8193340241679126,2.3918207300798566,-0.5820188277082159,0.7301880890797546,1.9113551051209954,1.102688255535248,0.36343511385258215,0.4183930843195094,1.9525138556391353,0.20494026866853757,1.7508954107859087,2.036739254535288,-0.4979640529930399,0.3771461550279706,1.923248554011164,1.4342772348039767,0.32759492800281403,-0.29847710050432424,0
-0.092787584451624,1.0072865033316893,-0.12638002439797574,-0.1725658245543842,-1.1693916491732652,-0.672757266330974,-0.5190466152952689,-0.6441352434267049,-0.10511925690495028,-1.1745650326781711,0.1360175378785174,-0.2752340343659479,0.001993836697391069,0.018377073305369303,-0.8841289422776214,0.058833119780141205,0.03699397753468373,-0.2501385610460767,0.5857897067548985,-0.2560409765604181,-0.24830346735600356,0.10022811133255416,-0.2635110799034702,-0.2981750228414979,-1.7100245376539087,-0.6896803857628233,-0.6472077381509534,-0.7904421442686842,-0.3814924419193737,-1.1144289132180474,1
1.5192875224996558,-0.25099073190244336,1.4740112304762563,1.4336471850433283,0.5763116054533334,0.7744770426046426,0.9112778436980965,1.2073260087680873,0.32947002032763356,-0.5339658303814951,0.273644164595588,-0.3839416664103039,0.039951266523193585,0.33889008319744296,-0.4617582563506523,-0.19434506364630452,-0.05814197037599283,0.5265134736773909,-0.5146962225839768,-0.6511924211072997,1.5798115842899114,0.4667206620084958,1.3647758902822982,1.3527382929111067,0.8590839732319294,0.7329605562050159,0.7023730956422604,1.6531167347529072,1.0382138041235376,-0.3315850929050124,0
-0.25827494056343686,-0.14294545946731205,-0.23235523423962184,-0.33289771776467836,1.4840472900679376,0.37336520865558825,0.416484292199916,0.6550080734223377,1.1805406882414446,0.6905056470106382,-0.4251341224374939,-0.5620184659143055,-0.476064603811366,-0.3614901976778292,-0.1771523758871999,-0.12023093730138346,-0.1051000985113909,0.07820213656059237,-0.3792518005114999,-0.06022617872791698,-0.11088251814344045,0.3556623133188166,-0.11983870018119666,-0.20255813448879828,2.043738276255682,0.9901089189274213,1.017290503595361,1.4089692654221282,1.5129807256697112,1.8060164164490673,0
-0.4694139811198878,-0.5166020266388076,-0.5378618938612424,-0.4987283582150368,-1.5339863125804536,-1.3101638915590212,-0.9340547066143677,-0.8118589102336768,-1.1952140272966836,-0.991931998762056,-0.08030718754140825,1.73208136832709,-0.17343104168672369,-0.19408695517184057,0.09027342295374366,-0.8002415709916447,-0.687228425935342,-0.07176116282706899,1.5282571436758843,-0.30041627247209995,-0.6876340777173794,-0.872325713621352,-0.7496026312971626,-0.6385639830633745,-2.133936282653826,-1.2883365740863508,-1.1653609747439313,-1.2778438604814715,-1.5485001652038377,-1.3221548655384914,1
0.8373654861078762,0.21720544864979244,0.7495713194493794,0.737042732052032,-0.6224996540624825,-0.5782773698984244,-0.2403541474139186,0.14793652261056164,0.8111398025937483,-1.459583252274532,0.7104756400041904,-0.6292802156283417,0.6570159703129304,0.7095513871542629,-0.6614361861518901,-0.5708664646394802,-0.39752116917273345,-0.06702547968851118,0.24266383750462334,-0.4342465299835216,0.7490394822321439,-0.1044365598241405,0.6943047849116876,0.6042765076783639,-0.9399992406884695,-0.6625472251877972,-0.3856893689377266,-0.06782518321282915,0.5557893515846847,-1.0353969313583413,0
-0.1298795780628926,0.8857355718421668,-0.18226538896290662,-0.22118632646653105,-0.26690732802337347,-0.6841632900451652,-0.7321789376031101,-0.6183916108470301,-0.4998711837245486,-0.6598719370963927,-0.20120571598347595,0.2147405914882583,-0.3893780411010872,-0.19214885685049776,-0.39238962489372886,-0.2484429660878526,-0.3746519509249747,-0.4089418022923795,0.00902220942960065,-0.43354216020714575,-0.1775108571555923,0.5365287668991516,-0.27608241312916926,-0.2555592561225045,-0.47586229360826837,-0.6434306802372107,-0.7886923707095927,-0.6314485483874207,-0.4136540720886305,-0.7769409906820052,1
-1.480028145513062,-1.047824616111536,-1.3579278731436668,-1.1739166377450303,0.13594726919814923,0.9436663943651445,-0.03550961709367196,-0.5068358696684394,0.36206421612007783,3.7385402963833747,0.48388594518824,-0.6348999962833005,0.17587990035883808,-0.3326609851478543,3.2841478423232178,3.683933562388288,0.738316670465954,0.9479892730090286,0.5214536062704719,6.380178871565155,-1.3470464203782693,-1.5926184322658439,-1.3242921501862575,-1.0530828904350966,-0.515645460500857,-0.07671762186337278,-0.6129775851125729,-0.9869510829983358,-1.0078784771206148,1.2987165328901422,1
-0.6862594822319183,0.16318281243222638,-0.6781962537687346,-0.6755564931455238,0.4187707015119554,-0.1697516205351456,-0.5805247140689178,-0.6927621049660906,0.2063363917784018,0.25329323248418195,-0.7308021000080043,-0.5957371498440573,-0.734585477219535,-0.5773458982173891,-0.5923917071784104,-0.4496871631704121,-0.42984299762956596,-1.003427892285993,-0.7110906345890687,-0.40254989004660585,-0.5939379759815411,0.4921054274232797,-0.5927602834336807,-0.5764309114184553,1.0005352332944675,0.2488803050369388,-0.008701283475029832,-0.49061714229783715,0.45011542388569753,0.28945676454659747,1
-0.6976724033430776,2.2498071363356984,-0.6922710863258277,-0.6787399783897714,-0.18363570736864532,-0.3368498679480456,-0.21437748596026424,-0.7291672419474488,-0.010958246837890631,-0.15486392664652948,-0.32476553278747566,2.1289783770835435,-0.34629122886639235,-0.3886235741766291,0.9019512414964377,-0.07587065729931385,0.3126442881476701,-0.3851055304949722,0.44695917413060976,-0.5937862843326636,-0.6418270946465252,2.078653265847271,-0.6214947593781353,-0.6172560997038777,0.3640045630130485,-0.3264660317016801,0.06660505320940725,-0.6819156167429904,-0.04302957204290822,-0.6343630234080756,1
-0.19835710472984922,2.5716920104653602,-0.2174524703556404,-0.2674915663828615,-0.2676575228040464,-0.5550851216795689,-0.7513521877236646,-0.40490148612063614,-1.5465070263930223,-0.36240146518756927,-0.22097528667211586,1.2473752868369072,-0.2760186898645686,-0.24811144587927253,-0.4011417419467052,-0.7098980739142591,-0.7489143306222968,-0.3988390115967894,-0.5812897301029447,-0.2919638351555892,-0.2399749249794844,2.522886660605988,-0.3027216668693408,-0.29889125421492635,-0.6703577761942576,-0.7026303033099947,-0.9478397622360363,-0.54376387799972,-1.0967058366357054,-0.39139307917722227,1
-0.3752573819528218,-1.3336943994294879,-0.3851085640504318,-0.42116708135518327,-0.6059953688876717,-0.45585271536610633,-0.5988320754743505,-0.5910877581110113,-0.7280305542716554,-0.1908370999936425,-0.2753416060658757,-0.9734917807445582,-0.2457553336521043,-0.3389598046922186,-0.18947017025805543,0.11347200124610494,-0.034357983398323584,-0.15226777618255039,-0.39279624271874786,0.2035603025248588,-0.4190385860746426,-1.4768004400608927,-0.4419042847252932,-0.4543134622489027,-0.5731100349012627,-0.21731672666123472,-0.4600829015411402,-0.44729585353243656,-0.5331115555744413,-0.08274115002242355,1
-0.0071906761179275,1.7681052967290716,-0.008813775979900159,-0.14246741860876946,0.24547570717644057,0.17375979365724373,-0.5481157364457869,-0.13446332568768898,-0.9598115021290334,-0.1479460086951613,-0.13087166641812215,0.4887048984174916,0.032257192909855154,-0.2260655774739976,0.05753402212594346,0.06478388904871164,-0.3594058054264688,0.7269907265430015,0.0011212848087060886,0.5247529205522705,-0.1879215351262408,1.18384028497614,-0.19766123919742806,-0.29692161793799804,-0.3653534966844108,-0.1827836132021108,-0.6622690054878408,-0.1392829791145206,-1.0140045019147588,-0.04642915835715315,1
-1.436088399235098,-0.08892282324974676,-1.304940268222844,-1.172469598997645,0.2747333036226965,1.7820091373581914,1.3429852173802592,0.022598836717599463,1.912099304916296,3.4106309854885306,0.2523538577001296,1.224544927926138,0.48415578313326185,-0.3627015091286685,0.8967648017613404,2.181093832562078,2.140657133418524,2.1492742291565063,1.5937219476775812,1.4309246378598703,-1.2789605864502265,-0.3662169531640993,-1.1429057707868868,-1.030342544328743,-0.4537605342234969,0.7323438934646744,0.8360988935122,0.005121316770147586,0.3413784837896386,1.1438565684353126,1
-0.629194876676121,0.5053261751434752,-0.6111338162908178,-0.6298300687281474,-2.2421701855359797,0.05589754861060193,-0.014357192767124704,-0.6332137023322973,-1.6406680364600827,0.46221435461549487,-0.5433713625176292,0.5975881486073152,-0.446314185839791,-0.4586373760351396,-0.07277527621837097,1.8959978866951193,1.0408001971563101,0.6117557701714301,0.3103860485408618,1.8000144006808438,-0.7105375692528069,0.39215291360256843,-0.6972220761900837,-0.6541420154354435,-1.6706834059490152,0.517128597085491,0.2012436551603703,-0.3968287851768671,-0.9297716609952764,0.8245246417319053,1
1.7418394841672664,1.0523053668463271,2.1570545751587398,1.7230549345203938,2.444296609329667,4.599296994763398,3.543579537668417,2.9173273001210296,3.998127835632702,2.5790972477341003,2.025532274850453,1.178884210104599,2.9872943986726757,1.8709568062189659,1.0701863804036496,2.313633693543871,2.3358077957993992,2.2534592582047765,6.564532237737487,0.7652951991846416,1.4923618893364625,0.953790848404661,1.9005541396632772,1.3437854007432508,1.3939465503433996,2.2222010741297367,2.238165961964264,2.0342249795619285,3.8715002714152167,0.8309326402610712,0
-0.5321850472312647,-0.2870058227141538,-0.549866898101116,-0.5534264228662023,-0.2781602497334717,-0.6028003208839353,-0.5567746235970051,-0.7265668750202089,-0.38760228710613026,-0.5007598242149292,-0.5559174362238816,-0.7641549513473491,-0.48786218335181813,-0.49909517849317153,-0.40373496181425383,-0.6330790524472606,-0.38105533203434716,-0.7210233211233337,-0.15915461464372477,-0.6529533455482396,-0.39821723013334526,-0.2646778915049638,-0.38772782487168617,-0.44392810733418986,0.19603119168878527,-0.24074991079421168,-0.16615998745157998,-0.3850680229347137,0.4684934982681297,-0.5008630540504637,1
-0.03286974861803635,-0.5053473107601479,-0.00674394766268004,-0.13667926361922816,1.0189265260505374,0.46461339836911747,0.11082557576191503,0.11049123885830732,0.38379367998170666,-0.2046729358963789,0.0991396848631698,-0.7093620899615024,-0.1344477353791426,-0.08313082627496239,-0.2358239753904856,0.06532486807312711,-0.03984659577778579,0.27867938942620296,-0.019195378502165416,-0.3940974527300951,0.03903124463390124,-0.5772278156744898,0.03879955242881376,-0.08330561081295935,0.8325618619702041,0.4326458016587056,0.19713603679576483,0.34603455138446715,0.23876756848772399,-0.24080511374183608,0
-0.11276019639615321,-0.6674152194128454,-0.1586693461466023,-0.21452994822855867,-0.24365128982250311,-0.5875922892650136,-0.8833383675858043,-0.7647922688506351,-0.6193832349635092,-0.1700833461395389,-0.7384057810420966,-1.2883751155677092,-0.7448442420373196,-0.5310738007953285,-1.0536606911186073,-0.9929382994884394,-0.7750767162977329,-1.0383140914067017,-1.1569285239109721,-0.7455779711416707,-0.07340407744910513,-0.8739122614597762,-0.15575679511176516,-0.17749003641880212,-0.26368540351446146,-0.6144475314411603,-0.7170372503492496,-0.40367682395077903,-0.16248705552871912,-0.3342550922921644,1
-0.372404151675032,0.714663890486542,-0.4087046068667361,-0.41480011086668783,-0.4101945311319594,-0.8716022797483726,-0.5173148378650252,-0.5505220340460693,-0.7859757912359997,-0.29460586926416243,-0.6167468844966199,0.2920125754939392,-0.7017574298026247,-0.4676010807713502,0.13630307560273022,-0.7337011509885404,-0.27982092592426816,-0.4316730813574563,-0.4876073381694818,-0.41734165535049994,-0.35657451825075015,1.2155712417446192,-0.4419042847252932,-0.3920013327606264,0.4214691374134542,-0.6397307037951618,-0.2738708690123504,-0.3103350780541946,-0.12726241296239063,-0.1820651272244867,0
-0.06425528167372534,-0.46933221994843755,-0.1305196810324154,-0.17632812529758593,-0.6127471219137313,-0.8003146315346782,-0.9244062323601532,-0.956959384773662,-0.6809500492381256,-0.5367329975620422,-0.6859403819068598,-0.6280508886100696,-0.6822657766488341,-0.51508448964425,-0.8037391263836166,-0.8879342708493944,-0.7125980120448558,-1.0798302469213912,-0.9390887450777383,-0.7417039373716033,-0.14836095883777578,-0.3376590920724675,-0.19466806461988084,-0.262542512013432,-0.7366630543485722,-0.7464133578742411,-0.8970878553311308,-0.9396102932134651,-0.8394127952816501,-0.6546550187504329,1
0.15259021943830522,-0.8114755826596868,0.04500176026781117,0.04420057980393767,-1.4882244309593868,-1.2985677674495935,-0.9210663758875406,-0.7655723789288071,-0.6157616576532371,-1.4153085773857768,-0.3152609314948603,-0.5307584360210983,-0.44682712408068026,-0.24883823274977612,-0.6637052535359952,-1.058234467735388,-0.8285297024154945,-0.8414675289473187,-0.6602989763118898,-1.0281006884460455,0.0536061937928095,-0.6279973465040576,-0.09290012898327017,-0.05680504999610635,-1.3820344283839,-1.1418791732552447,-1.0508497027795358,-0.8340611738503417,-0.585182766324667,-1.4487128364895072,1
-1.0714455697335517,-0.6629133330613809,-1.0880222605782246,-0.9397857684180845,-0.1258707092568074,-1.0174092828947825,-0.9748751746129677,-1.1107710885199007,0.3004974018454614,-0.10643850098695314,-0.7167352900949335,-0.43329036528665943,-0.7535641921324363,-0.634762060987171,0.002428099940536916,-0.99191043934205,-0.6823191670848231,-0.9723302396761306,-0.5858045441720275,-0.42544190777882285,-1.0311864507487871,-0.6248242508272096,-1.0680764063482027,-0.8731297578611956,-0.1708580140984216,-1.0336548623253117,-1.0673714566460608,-1.3449844145474357,-0.3539253303457246,-0.5387770453480256,1
1.5620859766665045,0.8812336854907031,1.5443853932617244,1.5175754323916772,0.3737590146715626,0.5387525525113595,1.1957841358095502,1.401313381540182,0.6771414421137011,-0.5450344991036834,0.8051414688786397,2.849012773500118,1.3120381039284699,0.7492824027417914,1.3489575161651177,0.8324331246942809,1.2865680625922251,3.5920790253704284,0.7776693046909076,0.8543979758961933,0.9614173128333776,0.7507127250863905,1.0534857342173716,0.7887060863361929,-0.3211499779148684,-0.09028420215088581,0.48010530191304335,1.01744009204411,-0.5147334811920091,-0.4303750702296446,0
-0.9116646741773183,-0.8272321848898102,-0.8768997722218207,-0.8413871335958822,0.3512531712513651,0.06540256837242787,-0.46734068916370897,-0.8451436069023475,0.21357954639894408,0.7735206624270545,-0.9532097702552039,-1.1866922093420513,-0.7817757953813438,-0.7164771314607888,-0.8442581868140626,0.28929018418113667,-0.15022868918696825,-0.7835343385522957,-0.9785933681822107,0.3021720712174852,-0.887519094753835,-1.008768827725815,-0.778935742157127,-0.7868238773630659,0.03689852411843086,0.8248433045158992,0.26833475511559624,-0.5135431851496298,-0.5070759501993289,1.2773565377929244,1
-0.06140205139593552,-0.532358628868931,-0.026200333844545277,-0.2046900847463385,0.4937901795792781,0.9170523390320316,0.12467979520386403,0.20306430146804694,1.1008659874154716,0.8828237660586686,-0.5422308103625154,-0.03463717507553132,-0.45759882713935396,-0.39928311494401475,-0.3625675964169206,0.47592794760447815,0.201042503098607,0.4254855667214926,-0.15802591112645417,0.2627273637404346,-0.09422543339040249,0.19383443379956958,-0.07194790694043851,-0.21921051392100996,0.6027035643685801,1.1159081179570869,0.8484217486060172,0.7628716941443341,1.0994740520649793,1.1652165635325304,0
-0.10420050556278326,0.34550920966651005,-0.057661724266283555,-0.20758416224110918,1.7166076720766383,1.1603808449347757,0.05850115769098229,0.30265835478133424,1.4268079453399092,1.6230409868550444,0.7017314068149844,0.2867440311299157,0.5287814100906242,0.28559237936051474,0.5596462189800301,0.2546675266185459,-0.23225295196892987,0.44600686032190945,-0.6693286044500549,0.5627888884765695,0.1785343294405937,0.3858067222488726,0.11362891686749796,0.04382545797059262,1.4602518284977142,0.6916441526021355,-0.04521344671596903,0.6169786941783806,0.43480036190033705,1.6564964507685416,0
1.4508099958326992,1.6443034220638177,1.4326146641318633,1.4133886425799338,0.44877849273888426,0.7953880860806599,1.2761880879280045,1.259333347312885,0.36206421612007783,-0.08015041277175537,0.9017082180116117,-0.3735801958277241,0.7672976921041135,0.7383805996842381,0.10161875987426863,-0.059100307542433825,0.22513141298624623,0.20132989816309352,-0.7268924838308577,-0.12960660170094349,1.565236635131003,1.616967844865889,1.5862708090208035,1.5246338225339375,2.026056868747865,0.7896935283164338,1.358679229898142,1.0874091838645163,0.5297537462095715,0.7006366701680415,0
1.7874911686119046,0.4985733456162801,1.8341613576724753,1.778042406921036,1.5740706637487254,1.5976117539787686,2.072805705840075,2.657290607397042,2.7776562820711934,0.5424622028513632,0.6511669279382707,-0.33494420382488344,0.6087997756693431,0.7240871245643344,-0.5165400260526153,-0.06883792998191267,-0.01819706916990749,0.3213005376732227,0.7776693046909076,-0.1651772754079266,1.894214059003503,0.976002518142597,1.9244995362836557,1.9078176073181645,1.1861900121265483,1.1911409722787498,1.1715543932883286,2.2977256019494154,4.052218002842468,0.9783166064318745,0
-0.3866703030639811,-0.3657888338647699,-0.4393380659615867,-0.4292704983405411,-1.2796702819322294,-1.1071366694464193,-0.926632803341895,-0.7764939200232145,-1.2422945323302135,-1.0154529197967066,-0.39357884614601096,-0.5797558986065188,-0.3673216967428505,-0.38595868898478275,0.08379037328487228,-0.7488485636721738,-0.8267611495376678,-0.9521246582849509,-0.15689720760918358,-0.9276575583348418,-0.496077603057443,-0.7533346257395527,-0.5367879188335448,-0.5116119721231797,-1.1300743713975043,-0.9866034952372552,-1.109132243352885,-1.1617249421412228,-1.1441825287903225,-1.2724928769374597,1
0.48641816193972076,-0.31626808399866835,0.4970522647485819,0.3802029769468106,0.0811830502090041,0.4893264497498648,0.13123580976121496,0.46414114096293035,0.1447695775037854,-0.27108494822951174,0.40632839864049874,-0.40185471724798455,0.37900344375097084,0.36311631221422863,-0.4238324157877549,0.8129578798153236,-0.13986131024798426,0.1839657266550484,-0.08014536843477993,0.11621845025424682,0.8781318890681882,0.24936360814440947,0.8888611324522664,0.7636379882661968,0.3198010442435055,1.8799532532402043,0.54217597942264,0.9951095308248313,1.3475780562278181,1.1064765770151817,0
-0.8660129897326808,-0.9825472640153112,-0.8661366649722784,-0.8014488641680472,-1.2114025568909663,-0.6210499588266409,-0.6614234597388703,-0.7143451504621815,0.727843524457503,-0.044177239424641385,-0.8923803219824655,-0.32089475218748686,-0.7920345601991282,-0.6660138964188245,-0.5778048454234496,-0.35447485487328734,-0.46551897809606974,-0.7410710464098947,-0.22461941864542204,-0.6596448584238106,-0.8562870608418888,-0.7739597476390649,-0.8103640752213742,-0.7617557792930698,-1.0107248707197385,-0.35668250597841367,-0.558665742291676,-0.6939741198014007,0.44398939909155316,-0.5985850316202355,1
-0.39237676361956125,-1.603807580517316,-0.44347772259602636,-0.44750318655759624,-0.6127471219137313,-0.8653289667055675,-0.8081297477580809,-0.6290531152487135,-0.793218945856543,-0.0040533153067072525,-0.660087866390946,-0.9975514666735997,-0.665851752940379,-0.5281666533133142,-0.30713752174807046,-0.7007014304991959,-0.7141836111767005,-0.5404359374396656,-0.41311290602961936,0.21130837006499384,-0.5314739081576486,-1.3942999524628448,-0.55923672816515,-0.5472444829512455,-0.04266780966674757,-0.5879310336064758,-0.8391247961861399,-0.4751346198524707,-0.2099637476833363,0.5639327015458475,1
-1.2363622797898062,-0.0394020733836444,-1.227942654822273,-1.0416572962340114,0.8613856221091594,-0.38266406320004653,-0.9895458034148887,-0.7421690765836482,2.6653873854527763,1.039168711759586,1.131339385241199,0.9365311693595081,0.9139980289984319,0.10534923547562976,1.942156560866847,-0.364212477312766,-0.8073070678815744,-0.17910331396771087,1.1523988724247607,0.14474542619747072,-1.039514993125306,-0.4027075534478506,-1.048022136678635,-0.8802920715954803,0.32864174799741436,-0.7451800323935582,-1.1722982857597097,-1.016278553399655,0.43480036190033705,-0.21303712011545323,1
-0.7604434694544551,-0.984798207191043,-0.7477424852273145,-0.716652393571267,-0.4071937520092666,-0.41650193355214693,-0.3354782076894439,-0.6397146196503971,-2.299795106929502,-0.08430116354257552,-0.24530706598121127,-0.18566878017754437,-0.47349991260692,-0.39734501662267196,0.08994927047030005,0.632811864684968,0.8127178604986626,0.8627469765149897,0.09706108377671063,0.3416167786945358,-0.797987264206256,-1.2705492210657738,-0.8286224401444132,-0.7257651527782897,-0.8957957219189265,-0.5860810453854514,-0.5153075484430607,-0.7621567667242646,-1.6863357230720812,-0.5238250487799729,1
-0.46370752056430814,-0.6494076740069897,-0.36192648689757223,-0.5004648047118992,-0.0658551268029486,0.9056463153178408,0.8098451656409696,0.006476561768712344,1.013948131968954,1.4487094544805696,-0.025940868147648413,-0.011806816164761655,1.1176345106314536,-0.2175863973181226,0.05040266749018486,2.657696353072118,2.4059400650925262,2.455515072116573,1.3013877367044855,2.0472481921887855,-0.5044061454339621,-0.7422287908705847,-0.2688987941430557,-0.5227135584113206,-0.657096720563395,0.9253593311915638,0.9670862791390693,0.2983960207833398,0.4884030788490986,1.0317165941749193,1
-0.8060951538990931,-1.01631141165129,-0.8367451028677596,-0.7513813235085148,-0.972090421856207,-1.1193030947415563,-1.088013431114663,-1.1771844598416072,-0.10511925690495028,-0.2724685318197848,-0.7015279280267489,-0.3821854849556293,-0.6648258764586006,-0.5838869800519212,-0.4737518982380645,-0.9985644813423604,-0.9612108082307916,-1.375494730872012,-0.4277860517541375,-0.6283004033750829,-0.716783976035196,-0.578814363512914,-0.7400244726490113,-0.6801054027222252,-0.6968798874559835,-0.9749485694448008,-1.2422738466109695,-1.4512778859512017,-0.1487034997418954,-0.5286310476768473,1
-0.7975354630657236,-1.3291925130780238,-0.7696826653898428,-0.7664305264813223,1.5290589769083316,0.1927698331808956,-0.5267159153434906,-0.00652527286748705,-0.11236241152549356,-0.28492078413224714,-0.23009970391302667,0.22703386167098014,-0.4996597628922704,-0.3110996413229152,1.358682090668425,0.5083866890694069,-0.3240347478699352,1.2621229212000251,-0.5632304738266144,-0.13101534125369518,-0.8916833659420944,-1.576752953881604,-0.9061456617028901,-0.785212356772852,0.19161083981183022,-0.45534854443305345,-0.8718031822867804,-0.41752177190673173,-1.240667419298093,-0.8671869699677506,1
-0.9344905163996373,-2.1575396017473634,-0.9447901410266252,-0.845149434339084,-0.005839544349090817,-0.8763547896292856,-0.7869773234315336,-0.8121189469264009,-1.5247775625313933,0.1688946334774926,-0.8596844935358687,-1.4178056887772252,-0.871539987536958,-0.6708591422221816,0.2367903454702364,-0.8529329279697125,-0.655790873917423,-0.9961665114735379,-0.9311878204568437,-0.5966037634381673,-0.9583117049542462,-2.1717083932906007,-0.9920497720784996,-0.821023925444275,0.4966151193216776,-0.8037629927260006,-0.7896051747906161,-1.0141943676858556,-1.2590454936805258,-0.37857708211889135,1
-0.6605804097318095,-0.2599945046053708,-0.6868895327010568,-0.632434738473441,0.2747333036226965,-0.8425169192771853,-0.7679277716988537,-0.3396322762469153,-0.6628421626867679,0.012549687776575242,0.9355445986133225,1.5652441301330051,0.6734299940213855,0.2407738556794613,-0.4805591003903792,-0.8402740187983904,-0.6030392104925926,0.4207498835829348,-0.5688739914129678,-0.3719098047742541,-0.5918558403874113,-0.367803501002523,-0.6496306004070809,-0.5710591761177418,-0.8250700918876581,-1.0871811881869538,-0.9881400624132228,-0.63353273410122,-1.4305741879165623,-0.7972329860243618,0
0.5577489188844682,-0.8519925598228609,0.5881247107062465,0.4155107223830127,-0.0831096067584334,0.6395057619867144,0.389270646867516,0.5772571022978652,-0.07252506111250702,-0.4177448087985129,-0.23504209658518654,-0.8185965764422607,-0.10059381148045388,-0.14296961194642285,-0.40179004691359244,0.37151899589229,0.1418874585644043,0.4633710318299546,-0.6907739712781971,-0.2440666903620277,0.5324973804426507,-0.5915067462203057,0.5236938339914875,0.35359552697840235,0.49219476744472257,1.1825076939139687,0.9944704015697736,1.2496779287246074,0.16372376475945769,0.3823727432194955,0
2.5721294950041207,0.12041489209331997,2.504785732451641,2.98776679973517,-0.19488862907874352,0.4570093825596565,0.9731270376353691,1.3545067768498642,-1.0757019760577229,-1.098467935213123,3.391533572625134,-0.8228114119334798,3.493051504189451,3.416590217489888,-0.4296671604897391,0.43156766760240856,0.22147233806660477,1.5636280810215335,0.13769441039845365,-0.32295610531612895,3.037306500180732,-0.29164920475817135,3.1337420656127923,3.419065805252219,-0.5510082755164911,0.6564943764026698,0.46413123049513244,1.6709811837283297,-0.006273423278043002,-0.60392503039454,0
-0.6092222647315918,0.3297526074363875,-0.5680813872926488,-0.6037833712752115,-0.7477821824349118,-0.044855660864752955,-0.28686474125474754,-0.26786214905509476,-0.7751110593051853,0.6752862275176288,-0.4741778651073893,0.309574390040685,0.19126804758551472,-0.41817957357710756,-0.11653586148325254,1.4053299115502769,0.3467956540643231,0.7380406538663029,-0.2336490467835872,1.4795261524298073,-0.6168414675169681,0.25095015598283316,-0.4371152054012175,-0.5844885143695254,-0.9178974813036981,0.1557642312453724,-0.18806728539614348,0.02000835758299999,-0.6847306692295099,0.8400106381773883,1
-0.4009364544529307,-0.44907373136685047,-0.4281609930486008,-0.4622629817809267,0.5087940751927431,-0.5098412276132775,-0.7050889906585848,-0.70576393960229,-0.34414335938287255,-0.4066761400763245,-0.718256026301752,-0.4622673592887898,-0.6458471615456992,-0.5223523583492857,-0.08736213797333149,-0.8692704945070603,-0.585658604624296,-0.8177891132545301,-0.024838896088518393,-0.7149378858693191,-0.51898109459287,-0.7311229560016167,-0.5418763156153754,-0.5338151446994619,0.2667568217200536,-0.8315128160413681,-0.8019280298844332,-0.8654728299654603,-0.3432047869559726,-0.8116509827149841,1
-1.5630571465967475,-0.15645111852170315,-1.5524917349623137,-1.2399016046258011,0.8538836743024268,-0.855253645758032,-1.1000579431420074,-1.253661251171732,1.3072958941009485,1.495751296549873,-0.23618264874030045,2.745398067674319,-0.30935967552236815,-0.5175071125459286,4.431647633713449,-0.6249643670810283,-0.990901151974582,-1.8397495345552881,4.590429786031135,1.058665211045205,-1.5096612102798024,-0.518525545652802,-1.501188767719307,-1.1324055150422987,0.10320380227274417,-1.0999461069120227,-1.2674581112064074,-1.699444856301451,0.35209902717939057,-0.1558991332303953,1
-0.4950930536199966,0.6583903110932444,-0.4861161859307512,-0.5357725501481012,0.3887629102850265,-0.037251645055291986,-0.4357976002557,-0.5198377043046388,-0.9091094197852325,0.6683683095662616,-0.395479766404534,0.7767186569841216,-0.446314185839791,-0.4269010160231504,1.3813727645094744,0.33365046418320626,-0.038017058317965056,-0.04808274713428021,-0.22574812216269263,0.5402490556325407,-0.5460488573165568,0.47148030552376796,-0.5819848549545102,-0.5721335231778846,0.567340749352946,-0.13715057041683973,-0.49705146682259105,-0.4796007320963263,-0.9864373903411101,0.3599447483674165,1
-0.7233514758431869,-1.9301943409984414,-0.7394631719584357,-0.6961044433583953,-0.7537837406802973,-0.8320613975391767,-0.9309622469175042,-1.022046568962476,0.11217538171134114,-0.24618044360458705,-1.0178410590449882,-1.4989412719831905,-0.8812858141138532,-0.7203291018744578,-0.9577115560193112,-0.6590460456192038,-0.6850634732745542,-1.103035094300324,-0.05305648402028446,-0.6557708246537431,-0.8042336709886452,-2.0368518270245612,-0.7654664565581637,-0.7246908057181469,-1.0239859263506013,-0.5762144415399874,-0.8875490526844355,-0.997520881975461,0.7319125644163297,-0.5200870496379597,1
0.5862812216623663,-0.31851902717440056,0.6378005903195182,0.45602780730980186,0.5988174488735297,0.9968945050313697,0.5748182286793336,0.7621431908246206,0.7097356379061454,0.32800674635895605,-0.24682780218802955,-0.9273042084866169,-0.329364266917048,-0.1003314488768802,-0.9379382545292535,0.16756990368765323,-0.17858651981418916,-0.4084682339785235,-0.4243999412023257,0.001053991816786635,0.8344070415914634,0.24619051246756157,0.7751204985054662,0.6955960077904929,0.5408186380912207,2.0002024876067974,1.1396062504525069,1.0754995512142345,2.0796380191280464,2.0943763502615087,0
1.6134441216667224,0.11816394891758851,1.618899212681631,1.6101859122243383,0.7638603006216402,1.5481856512172738,1.8897320917857487,1.2790961359599078,-0.2499823493158119,0.5798189597887511,1.395947485227611,-0.7616962973108046,0.6616324144809335,1.299460063712993,0.45494496682775754,1.3517729881331437,1.0825746358222166,1.2715942874771402,-0.6907739712781971,1.213274376959716,1.8900497878152436,-0.018762976549245147,1.5862708090208035,1.8988647151503086,1.7077915336071559,2.093318561398364,2.6069388106977494,2.0327362754806426,-0.24978290884527413,2.436136271816995,0
1.873088076945601,-0.4378190154881908,1.7886251346936433,1.9835219090497525,-0.116868371888728,0.0787095960389843,0.7888164397022969,1.0713268184734417,-0.8366778735798016,-1.1067694367547642,0.8165469904297781,-0.9768285255084399,0.6636841674444902,0.9169279075379478,-0.28120532307258495,-0.358802687068611,-0.17340283034469717,0.10503767434575284,-0.9063563430768896,-0.7406473827070393,1.9087890081624113,-0.4027075534478506,1.7957930294491193,1.9221422347867338,1.0535794558179192,0.30499661440801523,0.6307179752819173,1.4446981633729736,-0.34167328075743675,-0.7224730031840992,0
-0.7889757722323537,-0.05740961878950002,-0.8193585450031144,-0.7395156057799551,-1.0973729502286351,-1.0731086986990823,-0.6412606225153195,-0.6737794263972394,-1.0358646256447355,-0.8452721381930548,-0.47988062588295854,-0.4756143383443167,-0.5099185277100549,-0.5092701946802215,0.7142669535826119,-0.8853916694346416,-0.3618451887062298,-0.4245695566496197,0.11737774708758214,-0.5874469563452805,-0.8063158065827748,-0.2964088482734435,-0.8621459954129438,-0.7266604419950752,-0.1487562547136501,-1.0147849824708617,-0.6084135647074556,-0.6631579453187962,-0.7842785721343527,-0.9435489524403046,1
-0.12417311750731248,-0.8317340712412739,-0.17440004135747203,-0.21510876372751295,-0.13412285184421283,-0.7064050362878379,-0.5180570281922725,-0.28346435061853387,-0.30792758628015715,-0.8549572233249702,-0.2840858392550819,-0.9703306541261439,-0.42528371796333286,-0.2902650843684795,-0.19724982986070097,-0.7088161158654281,-0.4389906849286694,-0.09859670061222946,-0.20430275533455056,-0.7114160369874395,-0.2816176368620795,-1.056365262878535,-0.3799455709700629,-0.338642095440206,-0.20180047723710198,-0.7827964595543897,-0.5677937831019108,-0.32656195254020376,-0.585182766324667,-1.0135029363836927,1
-0.8346274566769918,-1.3989717515257127,-0.8578573517033996,-0.7748233512161572,0.11419162055862578,-0.9947873358616367,-0.8548877383746588,-0.7892357179666899,0.10131064978052672,-0.23926252565321884,-0.6608482344943551,-0.7590620251287928,-0.7161197005475229,-0.5739542261550391,0.6290148504369533,-0.8978882848986393,-0.6262133516503215,-0.5402780813350471,0.34876196812806365,-0.773048392420331,-0.8771084167831861,-1.4926659184451323,-0.9145265505200227,-0.773036423424568,0.07668169101101885,-1.0256999129749063,-0.9426824191782536,-0.8797643891457986,-0.0813172270063093,-0.8735949684969156,1
-0.2268894075077484,0.22170733500125617,-0.1768838353381357,-0.30222049632010933,0.6063193966802622,0.7630710188904516,0.1180000822586386,0.3476447026225841,0.6228177824596279,0.6974235649620074,-0.10844080736754981,-0.6828437499959163,-0.20420733614007716,-0.18996849623898707,-0.6504150017148088,-0.2224759729159096,-0.32464459368987536,-0.33064517440155805,-0.4063406849259954,-0.17503845227718917,0.24516266845274554,0.36359505251093666,0.18845828130618217,0.06208935799301848,0.9121281957553813,0.7175439876964784,0.40479896522860626,0.5217016329761255,1.2664082277054083,0.9943366027547876,0
-1.2577615068732306,-0.18121149345475474,-1.2461571440138057,-1.0433937427308737,-0.4919657622253417,-0.7771223833158228,-0.7353950956878483,-0.8599656983876146,1.578914192371314,0.18688122015105008,-0.08106755564481762,0.23932713185370236,-0.13137010593380735,-0.39831406578334333,0.13695138056961745,-0.3079506587735557,-0.1633403743156833,-0.2796576526097534,-0.13432313726377088,0.03486374108282989,-1.0540899422842143,-0.014003333033972996,-1.0752600253343165,-0.8725925843311243,-0.3962959598230912,-0.6280141117286733,-0.684632705472916,-0.7228549789783343,0.40110722553254446,0.061972816761227054,1
-0.5721302711203232,-1.3179377971993644,-0.5697372499464248,-0.5916282457971749,1.048934317277466,-0.2541561960201599,-0.6323543385883522,-0.5260785849300144,-0.5252222248964495,0.4566800202544007,-0.561240012947746,-1.2464023788009868,-0.569932301894094,-0.4998219653636751,0.08054884845043674,-0.760209123184899,-0.4426497598483109,-0.5791106830712204,-0.13206573022922968,-0.5564546861847408,-0.5731166200402437,-1.576752953881604,-0.5951548230957185,-0.5776843163219552,0.8723450288627933,-0.5725144650979382,-0.5271740014963658,-0.598845929007274,-0.2007747104921202,-0.190075125385944,1
-1.363901673207014,-1.2143944111156968,-1.309493890520727,-1.1339783683171951,3.0819621729019104,0.36195918494139706,-0.687894914744023,-0.6241124180869578,1.4304295226501813,1.9620189664720749,-0.17155135995051587,-0.1470327881747041,-0.22421192753475697,-0.4734153757353788,2.716880996296974,-0.009871216320625063,-0.320985518770234,0.6543769184184498,2.164845927416526,0.030637522424574525,-1.1727716711496097,-1.2483375513278379,-1.1662525324917563,-0.9775204805383939,2.326640796380757,-0.2857662908391411,-0.8112386315108726,-0.6183479524721105,1.1775808681903175,0.3065447606243718,1
1.305295251665415,-0.3815454360948933,1.329123248270881,1.2339558379041533,1.0414323694707337,1.2383220069817482,1.3417482335015134,1.3701089784133036,0.38017210267143553,-0.31674320670854006,0.8743349662888795,-0.9666426730713273,0.7529354213592154,0.7846526971062986,-0.2543006669467689,0.7767122851794864,0.7026406899994502,0.8359114387298292,0.39391010881888944,-0.09826214665221576,1.3778444316593264,-0.6962189035562891,1.3108987478864451,1.2435130084632662,1.5707606254215718,1.5599052910029665,2.0848148763523198,1.8406934489948474,1.358298599617571,0.41494673574275276,0
-1.0001148127888047,0.20820167594686423,-0.8876628794713625,-0.9010051299881576,-0.3966910250798414,1.1888959042202536,1.720265300397622,0.2912167403014787,1.397835326857737,3.005240993538368,-1.0927373172307977,0.03034153874742814,-0.23703538355698753,-0.773869068001554,0.4604555590462981,2.750744745271581,3.6896655160667207,2.768070159261383,-0.5214684436876008,2.953419909496385,-1.114471874513977,-0.4582367277926905,-0.9067442966183995,-0.9322188461690438,-0.7985479806259322,0.6527943999606209,1.484646193079382,0.48150662278142387,-0.4825718510227524,1.9181563907094605,1
-0.854600068621521,-0.10467942547987014,-0.757263695486525,-0.8335731243600013,1.919160262858409,2.1279918566886558,0.9892078280590599,0.4019923714018976,1.4268079453399092,2.313449198401569,-0.7129334495778874,-0.32791947800618515,-0.5673676106896479,-0.6100513073900496,0.10583274215903501,1.0769556437300791,0.40808515896831665,0.2739437062876454,-0.38489531809785327,0.2187042527169406,-0.6168414675169681,1.1283111106313002,-0.45028517354242587,-0.6525304948452293,3.8030383232834932,4.204771784327657,2.5672318331732282,2.0580442448624923,1.9019833000978656,3.0021761418932686,0
-0.7433240877877156,-0.7349435146848018,-0.7688547340629551,-0.7146265393249276,-0.3944404407378226,-0.8478397303438078,-0.780050213710559,-0.6498560506666325,-0.6085185030326948,0.13015429294983152,-0.8676683586216657,-0.7941856542222843,-0.8900057642089699,-0.6522049458792567,0.684769077589247,-0.9215290682655958,-0.7042736166026716,-0.8428882338888859,-0.3657073583042524,-0.2835113978390783,-0.7688373658884395,-0.7803059389927608,-0.8121599799679027,-0.7103661782495777,0.9165485476323364,-0.8882457881527861,-0.8191343868117258,-0.7246414238758767,-0.09356927659459716,0.18959878746710404,1
-1.523967891791026,-0.5526171174505181,-1.50364378667593,-1.2019891894443056,0.5913155010667983,-0.554704920889096,-1.1000579431420074,-1.253661251171732,0.6626551328726155,1.1346359794884637,0.448528828379711,1.5195834123114664,0.1753669621179487,-0.2500495442006153,2.833575890336659,-0.32039317633511183,-0.990901151974582,-1.8397495345552881,-0.24154997140448176,1.0290816804374172,-1.2560570949147996,-0.4614098234695384,-1.2808911188118204,-0.994710033500677,0.6027035643685801,-0.7710798674879011,-1.2674581112064074,-1.699444856301451,-0.7153607932002307,0.24406677496501,1
-0.7319111666765564,1.0433015941433996,-0.7067598845463656,-0.712311277329111,-0.2556544063132753,-0.02584562134110107,0.27546813002293447,-0.1862106275397625,-1.4994265213594924,0.4041038438240032,-0.6087630194108229,2.9684331124179892,-0.4560600124166863,-0.5378571449200286,0.36353396649667163,0.22924151247101812,0.7587465054339517,0.1602873109622599,-0.6670711974155136,0.32541627383789007,-0.7750837726708286,1.8168728725073116,-0.7340381234939164,-0.7132311037432916,-0.11339343969801592,-0.026767939895711523,0.3892812958512071,-0.26239880663680987,-1.2253523573127327,0.17304479126675995,1
2.0043366697239358,0.2757299712188214,1.9252338036301393,2.1253317062935144,0.061677985911499436,0.26690898732313767,0.8444807142458423,1.7497625497903257,-0.898244687854417,-0.8535736397346961,1.008920120592313,0.2586451278551225,0.880657043340632,1.034909642849694,-0.5223747707545997,-0.26142646267382424,-0.01972168371975791,0.4744209591532558,-1.1851461118427382,-0.5666680479421914,1.973335211580433,1.009320022749501,1.8376974735347817,2.0582261957381416,0.19603119168878527,0.33336310046372414,0.7402544650047349,1.694800449028894,-0.9864373903411101,-0.5248930485348341,0
-0.9344905163996373,0.6043676748756792,-0.9439622096997369,-0.8384930561011116,-0.600744005422959,-0.8750240868626299,-0.6530119693634012,-0.8885697345872531,0.7749240294910329,-0.4163612252082398,-0.3468162077863434,0.7152523060705116,-0.300126787186362,-0.459606425195811,-0.17358669856932046,-0.22193499389149413,-0.07887672825396082,-0.19015324129101233,-0.2652527452671651,-0.3958583771710348,-0.716783976035196,1.0045603792342288,-0.6918343619504986,-0.6858352537096528,-0.0912916803132444,-0.5330480497160823,-0.3879713791402853,-0.5851498514594498,0.08102243003851115,-0.39833507758381836,1
-0.4266155269530395,-0.2014699820363418,-0.48694411725763886,-0.46486765152622017,-0.9068234759376356,-1.1653073903887938,-1.077050042997342,-1.177626522219238,-0.38035913248558795,-0.5851584232216186,-0.48292209829659555,0.23932713185370236,-0.5663417342078695,-0.4050974099080433,-0.22545109592029147,-0.950741935584032,-0.9341854907201401,-1.3781782846505282,0.5553147117885913,-0.6335831766979022,-0.5627059420695948,-0.41698648399366706,-0.6358619973503628,-0.5522581025652447,-1.2626849277061334,-1.1704306581330561,-1.2419954413662575,-1.56885573429111,-0.6234704212880681,-1.055688926700698,1
-1.5570653630133886,-1.6893434211951284,-1.5421425933762154,-1.230351148893058,0.11269123099727886,-0.9645613730190302,-0.8451155657325699,-1.050858634516294,-0.4310612148293889,1.2577749190228142,-0.9239355982739486,-1.1136350608275891,-0.9125750468080959,-0.7473655734571906,0.9826652098738858,-0.8132250675776163,-0.3868488673237793,-0.9333397818353386,0.012408319981412437,-0.36134425812861554,-1.3941026848056015,-1.6354552239032916,-1.4039105939490175,-1.0700933855540227,1.8094596267771046,-0.8148629220521475,-0.7343805278886956,-1.0415865227815042,0.47155651066520227,0.330040755231312,1
0.40367448388381455,0.1519280965535667,0.4473763851353108,0.275147963886636,1.4990511856814026,1.002597516888465,1.239078571565641,1.1160531296219676,0.45984680349740864,0.6448473885316099,0.9431482796474148,0.20595968421488525,0.9488778293788989,0.6720007321782453,0.061748004410709836,0.20002864515258215,0.5251755563968418,0.747512020143418,-0.2562231171290003,0.1472107204147864,1.0405384654103078,0.5872982977287193,1.056478908794919,0.8710726942804661,1.5796013291754805,0.8340932456210216,1.2669424197552823,1.458096500104541,0.4210168061135125,0.9516166125603521,0
0.2353338974942119,0.7281695495409339,0.43495741523199244,0.10237153744882786,0.2589792132285586,2.262963137306584,2.2806189974693107,1.2715550718709123,0.8654634622478213,0.857919261433744,-0.5547768840687676,-0.5950346772621876,0.3287354961438269,-0.3629437714188363,-0.03679435055613494,1.9771447403574416,1.4259178324485686,1.6867558426240346,-0.6546554587255367,0.6938016668824875,0.030702702257382437,0.29537349545870506,0.5566187543445088,-0.07130873530803254,0.4214691374134542,2.7932307716859652,2.8488318921689717,1.985097744879515,-0.0705966836165565,1.67785644586576,0
-0.15270542028521164,-1.1108510250320296,-0.17108831604992067,-0.2411554611804488,0.13294649007545645,-0.4214445438282963,-0.2757318863460385,-0.010425823258346976,0.3004974018454614,-0.708297362755968,-0.4905257793306878,-0.7465931368006034,-0.39348154702820104,-0.37820629569941133,0.44846191715888645,-0.5941285626893459,-0.26305016587591173,0.2360582411791835,-0.11174906691835779,-0.533210483564336,-0.2274821114147062,-1.023047758271631,-0.21262711208516488,-0.2888640149869278,0.5142965268294941,-0.48556501870978686,-0.17665723438335,0.21800600039393667,0.09940050442094418,-0.613537028188288,1
0.1468837588827256,0.7619336971769121,0.19858302140550885,0.021626775344726703,-0.8468078934837778,0.5615645999397418,0.17279846808706215,-0.2821641671549141,-1.260402418881571,-0.18115201486172822,-0.6597076823392414,-0.18566878017754437,-0.3083337990405896,-0.4755957363468895,-0.9194615629729702,1.1256437559274723,1.0148817498088505,0.6954195056192835,-0.49776566982491754,0.20849089095949017,-0.15044309443190548,0.24777706030598523,-0.027050288277227993,-0.24893411591829115,-1.3157291502295854,0.37652949228762916,0.40388616114758286,-0.054426846481262024,-1.0017524523264705,-0.21570711950260515,1
-0.06425528167372534,-0.9262736846220136,-0.10775156954299939,-0.18009042604078795,-0.06435473724160272,-0.505278818127601,-0.5460128638519197,-0.2886650844730138,1.115352296656557,-0.5879255904021656,-0.5741662707057029,-0.5167089843837016,-0.510431465950944,-0.4787451461190716,-0.9217306303570751,-0.5503092617116918,-0.5466284721481209,-0.19331036338338403,-0.621923056724688,-0.7822051995132177,-0.25454987413839264,-0.6295838943424817,-0.25243633396654486,-0.3626358464500595,-0.6128932017938519,-0.5157814929865204,-0.6029367402213146,-0.21178286787311174,0.06570736805315071,-0.7988349856566532,1
1.2082854222205592,-0.16095300487316766,1.1180007599144763,1.1326631255871804,-0.7605354937063569,-0.35700050984311643,-0.08956581259484817,0.25819208032553226,-0.6555990080662246,-1.1800993670392652,-0.5369082336386508,-1.2961023139682772,-0.517099663082504,-0.24835370816944033,-1.3654953801913194,-0.8872850960200959,-0.5603500030967762,-0.7791143676229751,-1.1399979711519126,-0.9604107529363213,1.0634419569457347,0.10340120700940207,0.969676846046045,0.9623921943925949,-0.3962959598230912,-0.07116765720029938,0.3472923081241271,0.6393092553976591,0.45011542388569753,-0.7849509888434618,0
0.041314238604500376,1.9256713190303054,0.03962020664303969,-0.07445659748165911,-1.0343565886520847,0.008372449801472483,0.26433527511422544,-0.1074195096443943,-1.6660190776319828,-0.2060565194866529,-0.2415052254641651,1.9498478687067364,-0.3693734497064074,-0.2231584299919833,-0.2500866846620025,0.15512738612609708,0.18305205141037006,-0.24382431686133327,-1.0090683631485182,-0.0792441626900663,-0.09422543339040249,2.3531260418946207,-0.12881822391383868,-0.19432147369437094,-1.0726097969970987,-0.08288424926678778,0.13095774092156254,-0.47587897189311323,-1.5653467333877342,-0.32677909400813804,1
0.31807757555011806,-1.369709490241198,0.2507426949994442,0.17993281430868124,-1.229407231627123,-0.6486145161359362,-0.6803493130836757,-0.5627437586040968,-0.2934412770390706,-1.0154529197967066,-0.8387743706921149,-1.4070929819037103,-0.7627970804684424,-0.5196874731574394,-0.6698641507214229,-0.5806040870789588,-0.5179657186109299,-0.39457689677208757,-0.4876073381694818,-0.7209250289685142,-0.0005293316545641638,-1.5830991452352998,-0.06895473236289132,-0.09566060200460028,-0.873693962534155,-0.507764877362081,-0.6458385320294182,-0.4819826586263826,-0.6510375328617168,-0.8767989677614986,1
0.04987392943786983,0.5458431523066494,0.08432849829498403,-0.048120492279246106,0.16595506042507813,0.12053168299101828,0.5315237929232428,0.20202415469715104,0.3004974018454614,-0.21159085384774706,-0.4293161470062448,-0.3419689296435817,-0.08623154073555558,-0.3455008865267507,-0.389148100059293,0.2362742397884195,0.47730265953153334,-0.00704015993344658,-0.057571298089367236,0.07325189389531683,-0.06507553507258595,0.7380203423789984,0.28124669321015083,-0.1305768814592378,0.5408186380912207,1.034508636232009,1.0994428708874735,0.4547099493182896,1.0397453103220735,0.9249166186888298,0
-1.2363622797898062,-0.8159774690111505,-1.2457431783503619,-1.0410784807350573,-0.42369803718407745,-1.0753899034419205,-0.9636186213163841,-0.8877896245090813,1.010326554658683,0.04713927753341521,-0.49622854010625683,0.3429418376795021,-0.5514665252220821,-0.5519083577497642,2.1787878737806516,-0.8067333192846304,-0.736381999022525,-0.34453651160799426,-0.31717310706161483,0.15742408217223713,-1.1352932304552743,-0.7660270084469449,-1.1587695960478879,-0.9263099373382588,0.6336460275072605,-1.0010950696352803,-1.0829347662275113,-0.9314224207663964,-0.10888433857995759,-0.12439314046199856,1
-0.19265064417426958,0.2757299712188214,-0.12224036776353668,-0.2689386051302468,1.09394600411786,0.8258041493185028,0.6873837616451697,0.8713586017686952,1.1370817605181869,1.4487094544805696,-0.03164362892321764,-0.4972153702368139,0.13740953229214617,-0.13327912033970862,-0.5395548523771085,-0.15864044803488264,0.0616927332422634,0.26605090105671564,-0.4221425341677845,0.06726475079612147,0.043195515822160635,0.6269619936893192,0.19444463046127697,-0.050358967635250156,1.1066236783413712,0.7989434694215563,1.0629307076465349,1.3538872144145742,1.0305562731308573,1.432216502247754,0
-0.13273280834068243,1.2796506275952495,-0.14666434190672867,-0.19369259026620983,-0.08536019110045222,-0.34882619284794614,-0.033159347724055654,-0.08635653753375135,-0.6990579357894833,-0.563021085777241,0.21889766115012357,0.13395624457322786,0.01840786040584626,0.09614326844925117,-0.3910930149599547,-0.5789811500057124,-0.18377020928368115,-0.27365912063424697,-0.6930313783127384,-0.5138403147139987,0.1639593802816854,1.5170153310451784,0.053765425316550604,0.060835953089518585,-0.2592650516375077,-0.380732352851732,0.17887995517529523,0.06318077594027191,-0.39987051630180587,-0.5398450451028868,0
1.747545944722846,1.6960751151056508,1.74308891171481,1.6912200820779166,0.22747103244028283,1.20600493979154,0.9298326018792783,2.035802911786712,0.264281628742746,-0.35686713082647514,2.194333993807302,1.1911774802873207,2.2071153342801657,1.5608610748041096,0.44100641003968427,1.144578021782014,0.8093637084889913,2.1634812785721795,1.8409080179598523,0.16622870437693588,1.6630970080551015,1.2853793466352756,1.592257158175898,1.4297331655546663,-0.20180047723710198,0.5276118636712966,0.4225986448085642,1.5042463266243833,0.5496633267905403,-0.4143550739067315,0
-1.3273803256513035,1.9324241485575004,-1.3384714869618022,-1.0949083221377913,-1.1093760667194075,-1.0217815919852224,-1.1000579431420074,-1.253661251171732,-0.21738815352336863,-0.30290737080580465,0.5268467430308614,3.0088252858755045,0.4067021087589889,-0.2437507246562511,1.4624108853703663,-0.775897514892948,-0.990901151974582,-1.8397495345552881,1.0440433347667792,-0.1725731580598735,-1.1894287559026477,1.3536009036875072,-1.2063610718308913,-0.9703581668041092,-1.107972612012733,-1.13750086779882,-1.2674581112064074,-1.699444856301451,-0.6694156072441494,-0.7683969926431177,1
-0.9173711347328984,0.4918205160890841,-0.9555532482761669,-0.8367566096042491,-1.62851085494528,-1.1632162860411923,-1.1000579431420074,-1.253661251171732,-0.510735915655363,-0.45648514932617396,-0.31412037933974635,0.1585427849386719,-0.364244067297515,-0.4482200975579217,0.8105402411653517,-0.7867170953812577,-0.990901151974582,-1.8397495345552881,1.0440433347667792,-0.5585677955138685,-0.9458188913894676,-0.14885989930001242,-0.9794784388528007,-0.824067908781346,-1.4262379471534428,-1.1257842757323318,-1.2674581112064074,-1.699444856301451,-0.6954512126192622,-0.9697149464343959,1
-0.489386593064417,-0.16995677757609506,-0.5208893016600408,-0.5294055796596058,-0.843807114361085,-0.6712364631690819,-0.7731231039895846,-0.7541307644489516,-0.7244089769613833,-0.29322228567388936,-1.0608018568876099,-0.5607891388960334,-1.0139316432078065,-0.7254408361969996,-1.173921262476171,-0.8175528997729401,-0.635056116039455,-0.9623853050851594,-0.9345739310086557,-0.8656730180137623,-0.6064307895463196,0.28268111275131286,-0.6358619973503628,-0.5880696712366678,-0.6173135536708056,-0.36839909804490206,-0.3834073587351679,-0.44268087088045244,0.10858954161216028,-0.6530530191181414,1
-1.0914181816780808,-0.7011793670488236,-1.0379324153015095,-0.9418116226644239,0.7563583528149077,0.1452447343717659,-0.26806258629781676,-0.22261576452112092,-0.2137665762130965,1.3850646093279837,-0.11870577676357434,0.45182508786932574,-0.6299460760781334,-0.39952537723418263,1.1058431535824416,0.923317600796082,0.23001017954576813,0.5975487207557569,0.722362832344646,1.331960684279056,-1.024940043966398,-0.8088638000843926,-1.0558043905802585,-0.8632815764765543,0.34632315550523085,-0.12358399012932687,-0.40120703831512583,-0.24885159949711427,-0.4657252828388561,0.6910246723742935,1
-0.2297426377855382,-0.512100140287344,-0.2915523241121041,-0.2987476033263847,-0.8678133473426283,-1.0174092828947825,-0.6604338726358739,-0.6150111338416183,-1.1082961718501663,-0.8355870530611396,-0.40384381554203547,-0.5672870102783293,-0.40066268240065006,-0.3510729192006114,-0.3392286176089837,-0.7867170953812577,-0.3020802983520868,-0.4100467950247093,-0.6738434185191375,-0.4641822454794975,-0.22123570463231673,-0.33448599639561905,-0.23836841345207224,-0.29316140322749873,-0.21064118099101084,-0.7704632047475597,-0.4523240668524406,-0.25867704643359674,-0.6219389150895323,-0.41916107280360515,1
1.773225017222955,-1.1153529113834935,1.8010441045969605,1.8735469642484677,0.32124538002443626,0.5577625920350113,1.3491701367739863,1.4585214539394593,0.025257526264824772,-0.5464180826939575,1.3621111046259002,-0.7594132614197276,1.340249707177377,1.3389488170103534,1.4299956370260098,-0.052608559249448114,0.7435003599354458,1.135838037505152,-0.36457865478698176,0.4581899766847477,1.3195446350236932,-1.4339636484234446,1.3587895411272028,1.2578376359318355,0.2225533029505106,-0.3147494396351917,0.5581500508405508,0.7196992757870623,-0.8394127952816501,-0.3897910795449308,0
-0.9059582136217387,-1.4259830696344955,-0.9481018663341766,-0.818523921387194,-1.5654944933687294,-1.2599773872165803,-1.061835141288773,-1.0823490780051688,-1.3038613466048297,-0.740119785332261,-0.44528387717783857,-0.7943612723677518,-0.521716107250507,-0.4998219653636751,-0.3035718444301913,-1.0521214047594931,-0.9349477979950654,-1.2752561044392068,-0.49889437334218817,-0.4046629993757337,-0.8000693998003857,-1.1912218291445744,-0.8600507732086609,-0.7207515331642904,-0.674778128071212,-1.0674479804960257,-1.182841172895531,-1.110960132969396,-0.26662947702917045,-0.38605308040291764,1
-0.2668346313968063,0.325250721084923,-0.23235523423962184,-0.326241339526706,-0.6952685477877865,0.10342264741973164,0.24206956529680734,-0.34093245971053526,-0.8692720693722449,-0.35686713082647514,-0.3183024039084973,-0.7469443730915383,-0.26319523384233806,-0.28517757627495455,0.0701759689802426,0.33581438028086813,0.41631807753750977,0.13976601736184308,-0.5846758406547568,-0.20567853754954105,-0.292028314832728,-0.03938809844875687,-0.1767090171545964,-0.3284357983688504,0.12088520978056187,0.6096280081367159,0.7881766792584676,0.05871466369641607,-0.534643061772978,-0.12492714033942955,1
-0.6120754950093816,0.5030752319677438,-0.6235527861941356,-0.6107291572626611,0.12469434748805104,-0.4746726544945215,-0.6883897082955212,-0.7315075721819647,-0.4129533282780312,-0.1161235861188684,-0.33122866166645404,-0.5110892037287431,-0.42323196499977594,-0.348408034008765,0.234845430569575,-0.027723524126336004,-0.4313676121794165,-0.622521111841333,-0.9040989360423485,0.014789202456116738,-0.5273096369693892,0.07008370240249813,-0.5765971407149247,-0.5184161701707499,0.7795176394467522,-0.0995341432560083,-0.5814858443172629,-0.6205810085940383,-0.7260813365899831,0.07105081467754484,1
-0.2297426377855382,-1.0208132980027536,-0.2836869765066695,-0.2834089926041001,-1.6855256582764448,-1.005813158785355,-0.6966775002831157,-0.5650840888386126,-1.5066696759800355,-1.3281428111985405,0.025764162884179206,-0.1066406147171887,-0.0636622581364297,-0.06835282657472318,-0.8419891194299576,-0.8224217109926795,-0.5768158402351625,-0.1317464825821336,-1.1399979711519126,-0.8378504118469141,0.03278483785151177,-0.5328044761986179,-0.06895473236289132,-0.075068950018532,-1.4041361877686713,-0.8154795847924892,-0.651315356515559,-0.20925207093492698,-1.3555303841882964,-1.175838899122549,1
-0.3067798552858647,1.3134147752312277,-0.37186166282022637,-0.37457243368937565,-0.9248281506737933,-1.0023913516710976,-0.9508776873653059,-0.7954765985920657,-0.4890064517937342,-1.1468933608726992,-0.5201801353636477,0.032097720202102525,-0.5991697816247799,-0.4356224584691932,-0.3320972629732251,-0.8984833618254963,-0.8176744468205583,-0.8395732556918956,-0.975207257630399,-0.8100278056800658,-0.3878065521626964,0.9791756138194448,-0.4712373955852575,-0.4369448514432624,-0.46702158985435954,-0.9048956821420064,-1.0638115207300693,-0.8179831697724611,-0.9282401547967405,-1.130448909540961,1
-0.7946822327879338,-1.4079755242286407,-0.8015580214750252,-0.7571694784980562,0.17420720301248355,-0.5204868497465227,-0.6961827067316175,-0.5372601627171458,-0.11960556614603685,-0.010971233258074479,-0.7927721004358564,-1.2019709879977203,-0.8520483343831675,-0.6299168151838138,-0.19660152489381374,-0.7769794729417788,-0.5999899813928915,-0.4428808647853765,-0.43681567989230263,-0.35113089637116496,-0.8083979421769045,-1.5117044925062204,-0.8540644240535661,-0.7431337635839298,0.15182767291924223,-0.6495973076406257,-0.6855455095539396,-0.3968287851768671,-0.27428700802185063,-0.20609512170885713,1
-0.372404151675032,0.47606391385896074,-0.39628563696341834,-0.4116166256224402,-0.6397541340179673,-0.711917947749697,-0.715108560076423,-0.5089161632102313,-0.3912238644164024,0.012549687776575242,1.2628830671309956,0.9382873508141825,1.1761094700928254,0.350760935415668,-0.8128153959200363,-0.4156054846322368,-0.32738889987960645,0.9337822235933555,1.4605349326396462,0.725850491707591,-0.5106525522163512,-0.3503514747798592,-0.5316995220517142,-0.524683194688249,-1.7011838338999998,-1.0252682490566671,-1.0307680129970191,-0.9888863983040064,-1.1227414420108177,-0.820728980631302,1
-0.714791785009817,-0.05740961878950002,-0.7200067857765711,-0.694367996861533,-0.7920436744946326,-0.49881540468955954,-0.4215722856501273,-0.8823288539618775,0.8292476891451059,-0.015121984028895582,-0.42779541079942635,0.3973834627744137,-0.31756668737659577,-0.4571838022941324,0.06466537676170177,-0.27657387535745787,0.36509102866253024,-0.450773670016306,-0.23816386085266997,-0.16729038473705427,-0.6522377726171737,0.20176717299168964,-0.6098213785257005,-0.630327322268947,-0.32999068166877665,-0.38443232929378096,-0.09906888749635419,-0.7073724565329678,0.18822786393603422,-0.06618715382208018,1
-0.5378915077868449,-1.3517019448353431,-0.5179915420159336,-0.5609510243526058,0.7938680918485691,-0.1591059984019007,-0.7468990457601811,-0.5042355027411995,0.2823895152941037,0.26712906838691836,-0.7543735112136903,-0.6979469105061176,-0.43708129750378494,-0.5797685211190676,-0.0990316273772998,-0.0553134543715256,-0.6804896296250024,-0.5620622237724126,0.6580267318602198,0.11586626536605882,-0.5960201115756708,-1.25309719484311,-0.46165923693710614,-0.5861000349597395,0.4568319524290884,0.015165126447510608,-0.8149354880390176,-0.48064282495322597,0.8529015541006765,0.444850728878858,1
1.4251309233325904,1.2413845936078067,1.519547453455089,1.3149900077577317,-0.3906894668344558,2.1964279989738023,1.5062670893746586,1.3365642450519093,1.8396677587108652,0.09003036883189738,2.2133431963925325,0.7942804715308672,3.0801362202736255,1.5923551725259313,-0.1719659361521027,4.058291047283801,1.9738643016648694,2.3244945052831425,3.6727938264901034,1.3495699286884533,1.6422756521138038,1.18384028497614,2.11306953466914,1.3939215968832432,-0.33883138542268487,3.011529381766856,2.03780546617961,2.0118944183426497,2.692240498542464,1.053076589272137,0
0.3009581938833792,2.366856181473757,0.2118299226357143,0.20221721101841542,-0.9615876949267818,-1.0913583366417883,-0.5204072975618889,-0.5414207498007297,0.1809853506065008,-1.3613488173651063,0.2629990111478589,0.7257893947985591,0.11176262024768505,0.150410021446851,-0.0802307833375729,-0.6119808704950568,-0.23194802905895975,-0.4053111118861518,1.2099627518055638,-0.7269121720677093,0.22017704132318916,1.7772091765467117,0.09866304397976113,0.10542135608544029,-0.7764462212411607,-0.9705085977143421,-0.5614041545347463,-0.7206219228564065,0.49146609124617036,-1.197732894097197,0
1.0998626716645443,1.1671034688086543,0.9772524343435407,1.010822463057336,-0.5602334872666049,-0.63093517937894,-0.39510083064497464,-0.0200471808891344,-0.9561899248187623,-1.062494761866009,0.08469269089839455,0.3850901925916919,-0.030834210719519313,0.1608272999240688,-0.5298302778738017,-0.7515534587942512,-0.4963161920030516,-0.49449981099565565,-0.744951740107188,-0.3743750989915698,0.9822386687746754,1.4249955564165862,0.8469566883666031,0.801240135371191,-0.03824745778979253,-0.4652151482785174,-0.31814186694198926,-0.008277019961419536,-0.625001927486604,-0.24561111263871047,0
1.6334167336112515,0.509828061494939,1.5775026463372381,1.679643772098834,-0.16413064307114172,0.5159405050829772,0.47338555062220683,1.0063176452924447,1.0574070596922127,-0.9642603269565841,2.1152557110527423,-0.04868662671292792,1.8783219218701734,2.064766638353251,-0.08898290039054926,0.3304045900367135,0.05986319578244256,0.8627469765149897,-0.20543145885182112,0.08135214632363957,1.9837458895510818,0.4651341141700721,1.9005541396632772,2.0349486761017164,0.12972591353447072,0.41599590766948524,0.38334806932455456,1.0099965716376837,0.24183058088479573,-0.08167315026756307,0
-1.0800052605669215,1.8716486828127392,-1.0731194966942432,-0.9499150396497817,-0.4289494006487901,-0.5109818299846968,-0.35799131428261105,-0.5416807864934536,-0.7570031727538276,-0.2088236866672,-0.6806178051829951,1.8005724450593978,-0.7120161946204092,-0.5986649797521604,1.6115210277544076,0.09616067246480947,0.4739485075218621,0.8769540259306629,-0.26638144878443604,0.39585325147548023,-1.1165540101081066,1.4598996088619136,-1.114470612300187,-0.9220125490976881,0.2667568217200536,-0.5244147713513013,-0.3546540301829283,-0.34070464131241346,-1.050760650679624,-0.06672115369951041,1
-0.12131988722952267,-1.3809642061198577,-0.15370175818527557,-0.23363085969404504,0.03317058424591746,-0.3108061138006424,-0.6191186110857759,-0.5871872077201515,-1.6008306860470953,0.09141395242217044,-0.7174956581983428,-1.3700375532100768,-0.7356113537013135,-0.5274398664428107,-0.954794183668319,-0.46699849195170756,-0.487168504703948,-0.7885857339000907,-0.7991295089361787,-0.380010057202577,-0.179592992749722,-1.4847331792530123,-0.21232779462741042,-0.2978169071547836,-0.055928865297610236,-0.05328443773039582,-0.46464692194625756,-0.5001448484180625,-0.8149086961050735,0.1655687929827336,1
-1.0885649514002909,-0.6111416400195478,-1.0656681147522526,-0.9516514861466441,-0.5437292020917941,-0.43342086872819713,-0.5609803687847397,-0.61969179431065,-0.4817632971731909,0.6033398808234027,-1.0817119797313637,-0.33494420382488344,-0.9419664080110484,-0.771494897557909,1.0345296072248569,0.28442137296139736,-0.19413758822266516,-0.10806806688934481,0.22347587771102242,0.7311332650304104,-1.1186361457022365,-0.5819874591897619,-1.0692736761792216,-0.9223706647844024,0.6071239162455352,-0.19388354252825776,-0.4536932729739759,-0.45890774536646145,-0.3386102683603641,0.571942699707304,1
0.2610129699943208,1.3291713774613512,0.16339594001277505,0.14230980687666275,-0.16112986394844891,-0.9913655287473794,-0.8034292090188481,-0.49981487896489174,-0.8584073374414305,-1.070796263407651,3.098791852812581,1.711007190870995,2.6938937248840396,1.6190040244443953,-0.06337485419850739,-0.7921268856254124,-0.4365513016489085,1.186351990983101,-1.4569379188015086,-0.7255034325149575,-0.25246773854426297,-0.08063834224778088,-0.3371431745111353,-0.3110671875632103,-1.7016258690876955,-1.262498405266042,-1.1580129018916923,-1.2678695431368603,-2.063086247911948,-1.5507068130787227,0
-2.0241391594875915,-1.3201887403750965,-1.9788763683095614,-1.4647714259694808,1.5740706637487254,-0.5280908655559834,-1.1000579431420074,-1.253661251171732,0.46346838080768077,2.1308161644854535,-0.6646500750114014,0.5168038016922848,-0.6525153586772592,-0.7107597414128275,1.0085974085493714,-0.7975366758695672,-0.990901151974582,-1.8397495345552881,0.6546406213084076,0.10072231517397703,-1.7224554679998623,-0.9786244187957597,-1.6879628613582627,-1.2307082710453552,1.150827197110914,-0.8376794434447831,-1.2674581112064074,-1.699444856301451,0.030482725486822217,0.5201447115965507,1
-0.6377545675094904,-0.13394168676438462,-0.5655975933119851,-0.6049410022731198,1.1164518475380565,0.9151513350796667,0.4065884211699525,0.09384889052397206,1.807073562918421,2.104528076270256,0.3177455145933233,-0.32265093364216124,0.3333519403118299,0.04429913835332992,-0.49514596214533974,0.46294445101850634,0.2912996844497617,-0.1917318023371982,0.21896106364194007,0.6525960349644971,0.12856307518148016,0.38263362657202465,0.3770282796916667,0.028963656971952117,1.3851058465894919,1.9823192681368937,1.9072744825932528,0.6020916533655282,2.8316075626092436,2.9968361431189634,0
1.5734988977776638,-0.25774356142963933,1.618899212681631,1.6333385321825036,1.1989732734121117,1.2003019279344445,2.0022976247515847,2.090410617258749,0.8147613799040194,-0.27108494822951174,1.2830328218713405,-0.2910396674580189,1.008891603562938,1.4026637993244995,-0.9794297724100303,-0.15214869974189693,0.23763325229502108,0.21711550862495252,-0.4435879009959266,-0.17468626738900117,2.1919594489640564,0.10816085052467422,2.038240170230456,2.434247666788084,0.5054558230755865,0.7927768420181412,1.8406397846785392,1.645673214346481,1.1193836326459483,0.43523873108511,0
0.22677420666084194,-0.59088315143796,0.291725295680393,0.09513634371190123,1.5140550812948665,1.1679848607442362,0.9904448119378055,1.06664615800441,1.2855664302393197,0.6780533946981768,0.1052226296904436,-0.46507724961626923,0.0840639552396668,0.04865985957635133,-0.030311300887263568,0.0025713012409310856,-0.0727782700545584,0.16660155514700356,-0.5383989964466606,0.024650379325379317,0.5429080584132988,0.26364253869022536,0.6075027221628136,0.3983599878176812,2.450410648935477,1.183741019394652,0.8794570873608153,1.3181583164637283,1.0305562731308573,1.1972565561783572,0
-0.27539432223017624,0.7304204927166653,-0.1893028052414535,-0.34794692073748584,0.31374343221770373,0.8524182046516151,-0.023263476694091935,0.07304595510605318,0.17374219598595753,1.427955700626466,-0.7825071310398319,-0.5117916763106128,-0.684317529612391,-0.5834024554715855,-0.5923917071784104,0.2611592749115316,-0.22066588139006535,-0.5289124418025084,0.4909786113041646,0.13523643421639628,-0.3440817046859716,0.5476346017681196,-0.21921209615576906,-0.41760660436069397,0.11204450602665303,1.135641325648015,0.17568514089171292,-0.02316406077427194,1.8621641389359287,1.2559965426957067,1
-0.3609912305638722,-1.4034736378771766,-0.4265051303948248,-0.40756491712976123,-0.6472560818246998,-1.249331765083335,-0.9863420151689382,-0.9078124498488284,-1.2169434911583124,-0.20052218512555778,-0.41829080950681097,-0.39307380997461167,-0.5371042544771837,-0.42108672105912187,0.47180089596682306,-1.0396788871979372,-0.8024587936130495,-0.6703515115407661,-1.144512785220995,-0.1630641660787989,-0.535638179345908,-1.5164641360214925,-0.6017398071663227,-0.540440284903675,-0.7145612949638006,-1.243135195219319,-1.1415824284332696,-1.1054519278686408,-1.729217896631091,-0.581497035542461,1
0.2610129699943208,0.6336299361601937,0.24577510703811684,0.12755001165333268,-0.8152997126955019,-0.018241605531640368,-0.2516107007105023,-0.2457590301735557,0.5141704631514817,-0.5049105749857493,-0.3053761461505403,0.2147405914882583,-0.2642211103241164,-0.25828646206632244,-0.8523619989001517,0.1351111622227243,0.019003525846446802,0.04820947668306021,-0.1952731271963854,0.07078659967800115,0.11607026161670196,0.9268195351514534,0.10165621855730875,-0.009712837193184862,-1.0902912045049158,0.48382880910705023,0.15377784294714955,0.24778008201964147,0.3842606573486481,0.4501907276531619,1
1.2938823305542557,0.2149545054740602,1.2628887421198518,1.286049232810025,-0.1213695405727677,0.059699556515332416,0.7430480361887151,0.7566824202774167,-0.38035913248558795,-0.8009974633042997,1.7259472421072166,1.1156616777363142,1.4397597259098864,1.3171452108952466,1.1901227992777692,0.08858696612299283,0.5584121535835846,1.1768806247059855,0.24153513398735274,0.14192794709196735,1.0634419569457347,0.24619051246756157,0.9906290680888771,0.9498581453575968,0.06342063538015619,-0.27343303603231117,0.3053033203970471,0.5187242248135548,-0.874637437847979,-0.5270290480445559,0
-0.8203613052880427,2.2678146817415543,-0.8661366649722784,-0.7629576334875975,-1.6150073488931618,-1.2903934504544232,-1.1000579431420074,-1.253661251171732,-2.687303879128557,-1.0735634305881983,-0.322484428477248,4.710565115455166,-0.40220149712331776,-0.39637596746200054,0.16709756152986932,-0.9036767604598849,-0.990901151974582,-1.8397495345552881,-0.10159073526292203,-0.7188119196393865,-0.8916833659420944,1.9977393260876466,-0.946254201042025,-0.7751851175448534,-1.7546700916111468,-1.2401135477916456,-1.2674581112064074,-1.699444856301451,-2.061554741713412,-1.3365728622291133,1
1.835996083334333,1.916667546327377,1.772066508155886,1.937216669133422,-0.3321742739419439,0.07490758813425381,0.8222150044284242,0.9150447661463251,-1.2821318827432,-0.9490409074635747,0.4755218960507386,-0.04341808234890401,0.4831299066514833,0.7471020421302809,-0.6672709308538743,-0.2684591899912256,0.06321734779211383,-0.11753943316646043,-0.8815248656969356,-0.32647795419800846,1.7213968046907338,1.8517769249526403,1.6730728717696766,1.7896394307024683,-0.444919830469588,0.12369776874761453,0.6247847487552648,0.6273996227473774,-0.727612842788519,-0.04269115921513999,0
0.9971463816641088,-0.9555359459065282,0.9689731210746619,0.8840618687863814,0.18395973516123587,0.23269091618056437,0.1214636371191259,0.814410566062142,-0.22825288545418307,-0.17838484768118015,0.7656023275013594,-0.6870585854871353,0.9386190645611147,0.5312463415907209,-0.47051037340362867,0.2568314427162077,0.04797120229360815,0.2976221219804339,-0.1738277603682433,-0.02535987479730973,0.7927643297088687,-0.9817975144726075,0.8409703392115088,0.6347163410490736,-0.3034685704070507,0.15514756850503095,-0.1314734323726877,0.46810828604985694,-0.23906236545552131,-0.26109710908419337,0
-0.3353121580637634,-0.759703889617853,-0.3250835428510625,-0.3977250536475409,-0.6937681582264396,-0.1591059984019007,-0.4946780328839835,-0.450667944040058,-0.08701137035359258,-0.05939665891765082,-0.7019081120784536,-0.7771506941119408,-0.5827557579163246,-0.5458518004955678,-0.5687285758870299,-0.5384077231745511,-0.5304675579197046,-0.642568837127894,0.028210169223201558,-0.67866284238596,-0.3586566538448799,-0.6168915116350896,-0.2883544288971133,-0.4095490014096238,-0.0515085134206552,-0.0076513949451247525,-0.3135778465368718,-0.1928763260407893,0.97542204998356,-0.1548311334755341,1
1.2482306461096178,0.5886110726455558,1.1842352660655056,1.2310617604093828,-0.1288714883795002,-0.12108591935459694,0.32618446905149806,0.5268099839094116,-0.39846701903694565,-0.7622571227766385,0.7488742292263565,-0.020587723438134725,0.4826169684105941,0.7068865019624165,-0.34927734459573423,-0.6146857656171343,-0.12034624400989678,-0.3956818895044177,-0.6625563833464312,-0.5666680479421914,1.315380363835434,0.9014347697366696,1.1612400190090768,1.2846963124354027,0.6248053237533516,-0.1760003230583542,0.54217597942264,0.35347807179089336,0.30155932262770163,-0.4261030712102012,0
-0.8032419236213033,0.12041489209331997,-0.8400568281753109,-0.756880070748579,-0.8183004918181948,-1.1278576125271997,-1.0373799700059754,-1.1063764684128652,-0.5976537711018793,0.09003036883189738,-1.0056751693904407,-0.22957331654440896,-0.9458134448177177,-0.7228970821502371,-0.9330759672776001,-1.0647803139308156,-0.8736278008000748,-1.1980644692807156,-0.6681999009327844,-0.5349714080052757,-0.8896012303479647,0.11450704187837005,-0.9106354235692113,-0.7818102577490668,-0.9532602963193328,-1.1026594229695255,-1.1518514743447836,-1.2778438604814715,-0.5438320989641942,-0.4245010715779097,1
-0.17267803222974035,-1.1783793203039865,-0.1768838353381357,-0.2990370110758619,0.8313778308822304,0.22888890827583414,-0.38433907089988917,0.11569197271278704,-0.08338979304332145,0.49957111155288286,-0.9129102607745148,-1.1246990039920388,-0.8838505053182993,-0.6379114707593532,-0.8520378464167081,-0.5984563948846697,-0.5841339900744454,-0.45203651885325463,-0.43004345878867906,-0.36169644301680354,-0.2857819080503389,-1.1721832550834863,-0.3551022219764198,-0.3801835150990567,0.3065399886126428,-0.037867869221858315,-0.4240271403407128,0.28797509221434303,0.48227705405495425,0.4902407184604455,1
-1.315396758484586,0.38602618682968504,-1.3032844055690682,-1.1004070693778558,0.6288252401004597,-0.4891202845324972,-0.8313850446784953,-0.8625660653148546,-0.30792758628015715,0.859302845024017,-0.6228298293238936,1.4001630733935955,-0.5976309669021123,-0.6049637992965248,1.1155677280857488,-0.4345397504867786,-0.4682632842858008,-0.36647851014997845,0.22573328474556403,0.1489716448557264,-1.2060858406556856,0.9284060829898771,-1.19049724656989,-0.9701791089607521,0.9916945295405585,-0.5527812574070105,-0.8378925106767583,-0.7292564065278608,-0.05221860923412431,0.42883073255594417,1
1.1826063497204504,-0.09567565277694193,1.1221404165489162,1.0921460406603913,0.1081900623132402,0.15665075808595683,0.2977338398403527,0.81363045598397,0.01801437164428149,-0.849422888963875,0.019681218056905408,-1.165091177449554,-0.14265474723337018,0.2356863475859363,-0.7317772750591445,-0.4864737368306649,-0.25664678476653924,-0.03545425876479317,-0.9074850465941604,-0.48003056544795525,1.1737951434346114,-0.11236929901626058,1.0205608138643507,1.0966855769104316,0.48777441556776874,0.12493109422829739,0.4910589508853249,0.9444935920611335,-0.15329801833750303,-0.1121111432810986,0
-1.5262504760132578,-0.77996237819944,-1.480047743859626,-1.2118290529265259,1.4240317076140798,-0.407757315371267,-0.5889362044443869,-0.7533506543707796,-0.5541948433786217,1.8748532002848375,-0.8836360887932594,-1.101693026935802,-0.7545900686142147,-0.7317638819703806,0.3833072679867288,-0.1867713573044877,0.0028426116180307066,-0.19804604652194183,-0.4187564236159723,-0.0028200419532808884,-1.3689088441166315,-0.9659320360883674,-1.266823198297348,-1.0530828904350966,1.7696764598845154,-0.1211173391679608,-0.14653469970957506,-0.13630557095195026,0.021293688295606124,0.9409366150117429,1
-1.0885649514002909,-1.032068013881413,-1.051179316531715,-0.9493362241508275,0.21021655248479904,-0.22564113673468203,-0.6570940161632612,-0.723966508092969,-0.612140080342966,1.0059627055930191,-0.23162044011984495,2.2747414378215325,-0.2211342980894215,-0.4806832444404145,3.332770714839753,1.142955084708768,-0.19474743404260536,0.20606558130165106,1.8014033948553794,1.0368297479775523,-1.1082254677315875,-0.9881437058263034,-1.0749607078765617,-0.9229078383144736,0.1606683766731511,-0.5700478141365724,-0.9405829697918995,-1.092946813585845,-0.732207361384127,0.04274882117373101,1
-0.3324589277859736,-0.6674152194128454,-0.37517338812777773,-0.38556992816950436,-1.2459115168019348,-0.9466919358667975,-0.620974086903894,-0.6355540325668133,0.09768907247025559,-0.8452721381930548,-0.7783251064710811,-0.5358513622396546,-0.6832916531306126,-0.567413144320507,-0.5771565404565626,-0.5254242265885797,-0.2831750779339394,-0.5106011336667519,-0.2550944136117293,-0.5853338470161529,-0.4835847894926644,-0.5883336505434578,-0.47872033202912595,-0.48690198973989757,-1.0018841669658296,-0.6502139703809672,-0.46236491174369887,-0.4734970453630567,0.1713812957521379,-0.7790769901917269,1
1.727573332778317,2.0157090460595812,1.6395974958538275,1.7693601744367242,0.1336966848561294,-0.0011325699603534597,0.6811988422514424,1.2923580072888312,-0.18117238042065323,-1.030672339289717,1.393666380917383,2.1939570909065025,1.2197092205684095,1.4503894704875675,-0.4244807207546421,-0.07316576217723636,0.21354434240738182,0.8090759009446687,-0.20430275533455056,-0.46347787570312166,1.5589902283486143,1.989806586895527,1.4425984292985294,1.5371678715689354,-0.6968798874559835,-0.39368227039890347,0.19987444903883522,0.7241653880309179,-0.5208595059861535,-0.9456849519500262,0
0.36943572055033574,0.7799412425827678,0.35630393917764613,0.22739568522292022,-0.30141628793434205,0.002669437944376759,0.287837968810389,0.6921933204818675,-0.30792758628015715,-0.2503311943754072,-0.3270466370977033,-0.6540423741392531,-0.38476159693308404,-0.2357560690807118,0.9087584436487527,-0.06180520266451131,0.3907045531000201,0.943253589870471,0.442444360061527,-0.5888556958980324,0.04735978701042003,0.02090071941135462,0.020840504963529724,-0.07453177648846074,-0.29462786665314183,-0.34743256487329116,0.03146209609000338,0.49788236767556177,-0.5453636051627301,-0.8436909753608112,0
0.32663726638348806,2.549182578708042,0.4887729514797038,0.19469260953201165,0.6588330313273886,2.000624591880188,2.0542509476588933,1.1982247245227478,1.1805406882414446,1.2093494933632378,-0.5274036323460354,-0.015319179074110807,-0.23754832179787672,-0.4002521641046862,-0.7953111618140838,1.2365444559326462,1.2530265424955123,0.6985766277116552,0.06545738529313277,0.8198838568537741,0.2743125667705621,2.7100993055400187,0.6553935154035714,0.0760558697748734,0.4126284336595454,3.303210857948385,4.072445762780944,1.807941959206572,1.8024353971930227,3.034216134539095,0
2.6063682583375996,1.7275883195658974,2.562740925333791,2.9530378697979214,-0.06960610070631536,1.2307179911722872,1.3120606204116227,1.9629926378239952,0.3874152572919778,0.042988526762594105,2.505704732153382,-0.43943700037802036,2.2681549849459834,2.8254702294803193,-0.21086423416533093,0.16486500856557573,0.38033717416103613,0.8690612206997336,-0.551943438653908,-0.2680152627588084,3.0831134832515867,1.3964376953249542,2.969117463847687,3.709139511490746,0.6955309537846213,0.9654424093137612,1.3888017645719166,2.160764826471173,0.2923702854364855,0.14367479800808564,0
-0.341018618619343,2.1665222388336187,-0.37641528511810957,-0.3916474909085228,-1.1093760667194075,-0.8596259548484719,-0.33374643025920026,-0.6443952801194288,-0.8547857601311594,-0.7885452109918373,-0.7121730814744781,0.2568889464004481,-0.6786752089626096,-0.5412488169823786,0.4322542929867076,-0.21923009876941663,0.19768835108893573,-0.6368860173616248,-0.4334295693404909,-0.3567658545821722,-0.4815026538985347,1.5915830794511057,-0.537685871206809,-0.49567582406439614,-0.42723842296177095,-0.5799144179820364,-0.15429353439827467,-0.7328292963229455,-0.8271607456933618,-0.6226150261046058,1
-0.13843926889626207,-0.32752279987732796,-0.22159212699008005,-0.22379099621182488,-1.2406601533372221,-1.196483855207583,-0.8530322625565407,-0.9317358255794351,-0.8294347189592584,-1.0486589259632735,-0.5357676814835368,-0.08381025580641942,-0.58583338736166,-0.4106694425819041,-1.0818619571781978,-1.0986456008592247,-0.666158252856407,-1.043523342859115,-0.829604503902486,-0.9466755422969912,-0.14627882324364608,0.06215096321037863,-0.23627319124778928,-0.23890687669029265,-1.209640705182682,-1.1088877166469744,-0.7836719482639636,-0.9275517901550547,-0.8838264750391951,-1.1454009061090131,1
-0.4950930536199966,1.7028279446328467,-0.43230064968303983,-0.49843895046555986,0.5538057620331369,0.6052876908441411,0.24206956529680734,-0.06737385896490021,0.5105488858412106,0.9118790214544145,0.024243426677360704,1.0454144195493313,-0.09392561434889402,-0.1146249239967838,0.6546228966289954,0.6961064105415793,0.15652375824296977,0.24552960745629884,-0.22687682567996323,0.6543569594054368,-0.11504678933169984,2.1627403012837427,-0.15276362053421755,-0.1855476393698723,2.0393179243787274,1.3231067987118308,0.75212091805804,0.4725743982937126,0.4638989796725221,1.944856384580983,0
-0.43802844806419927,-0.6696661625885768,-0.4281609930486008,-0.5016224357098075,1.4840472900679376,0.09581863161027095,-0.36677389982170383,-0.4010009357297764,0.5105488858412106,0.46221435461549487,-0.5369082336386508,-0.20849913908831405,-0.6458471615456992,-0.5010332768145145,0.8504109966289105,-0.5362438070768893,-0.20572465880152968,-0.00704015993344658,0.8149165207608389,-0.46981720369050467,-0.5481309929106866,-0.6835265208488974,-0.602637759539587,-0.5739241016114557,1.1331457896030965,-0.49913159899729986,-0.4053146566797314,-0.44729585353243656,0.37200860776035943,-0.46455106238519334,1
-0.0585488211181457,0.3162469483819956,-0.07546224779437281,-0.18761502752719172,-0.017842660839861954,-0.03154863319819653,-0.6438582886606848,-0.6376343261086052,-0.6592205853764957,0.5673667074762878,-0.48254191424489074,-0.29279584891269367,-0.3842486586921949,-0.38886583646679695,-0.2530040570129947,-0.2089514973055225,-0.19352774240272494,-0.4094153706062352,-0.6648137903809723,-0.07572231380818677,-0.2399749249794844,-0.15203299497686035,-0.228490937346166,-0.32933108758563595,-0.26368540351446146,-0.32276605525963115,-0.6389925014217421,-0.6804269126617051,-1.0155360081132951,0.04488482068345271,1
-1.3325161401513255,0.5413412659551857,-1.3243966544047086,-1.0951977298872686,0.6288252401004597,-0.7959423224442382,-0.8468473431628134,-0.9267951284176795,0.8075182252834772,0.4469949351224854,0.11890925555180992,2.9227723945964503,-0.033911840164854774,-0.3392020669823864,2.4834912082176053,-0.4783590514644326,-0.5740715340454314,-0.4705056830936299,1.0891914754576046,0.2732929103860733,-1.114471874513977,0.8776365521603093,-1.1396132787515847,-0.9187895079172601,0.8944467882475649,-0.8432294081078565,-0.9871816181281482,-1.138203417656916,-0.061407646425340405,-0.055507156273470935,1
-0.04998913028477575,-0.6021378673166197,-0.10857950086988707,-0.14536149610354013,-2.0808783076912363,-0.9556266544429138,-0.824952728509019,-0.9054721196143125,0.03974383550591033,-1.0265215885188959,-0.925456334480767,-1.1196060777734826,-0.7350984154604243,-0.6090822582293782,-1.2222199825092626,-0.6725705212295908,-0.6889055019401777,-1.0769888370382563,-0.861208202386064,-0.605408385642866,-0.22123570463231673,-0.6200646073119375,-0.16772949342195437,-0.27507656104843003,-1.7029519746507815,-0.3418826002102176,-0.63579768713816,-0.7731731769257755,-0.35698834274279634,-0.3791110819963216,1
-0.20121033500763952,-0.6539095603584535,-0.22738764627829508,-0.278199653113513,-1.8655724056380192,-0.5742852615984575,-0.09909058846118805,-0.5255585115445665,-1.3762928928102607,-0.6294330981103737,-0.8935208741375795,-0.12947097362795837,-0.8217849781707032,-0.5938197339488033,-0.375857848238107,0.3850434715026771,0.5206017127472902,-0.20120316861431353,-0.9831081822512933,0.09226987785746599,-0.40446363691573434,-0.46934256266165847,-0.4434008720140672,-0.4304987690824062,-1.3201495021065397,-0.018134661530930456,0.24231983880642688,-0.3628863321235636,-1.3233687540190393,-0.4164910734164532,1
-0.480826902231047,-0.4085567542036763,-0.45341289851868044,-0.5404030741397343,0.6138213444869947,0.4988314695116908,-0.37122704178518745,-0.5047555761266475,-0.08338979304332145,0.42900834844892793,-0.5251225280358077,-0.5983714220260693,-0.3632181908157367,-0.48383265421259664,-0.11783247141702698,0.6203693471234119,0.4596171307532666,-0.1806818750138967,-0.27202496637078905,1.0812050438892342,-0.4211207216687723,-0.409053744801547,-0.3464220157015322,-0.4870810475832547,0.4568319524290884,0.6367611687117419,0.1957668306742295,-0.23991937500940277,-0.14257747494775105,1.4802764912164943,1
0.27813235166106015,-0.05065678926230407,0.23459803412513092,0.15128144711045186,-0.2901633662242439,-0.33247755885760555,-0.17405181151316254,-0.12640218821324545,-0.872893646682517,-0.5021434078052023,-0.049132095301629895,-0.027612449256833024,-0.1000808732395647,-0.016508696478801935,-0.6893132997280371,-0.502162128538714,-0.08619487809324365,-0.35227146073430504,-1.046315579218449,-0.7381820884897239,0.28680538033534025,0.3731143395414804,0.20941050334901382,0.16916594832057344,-0.3432517372996393,-0.28329963987777507,0.04059013690023818,-0.03209628526198342,-0.9649963035616058,-0.7764069908045742,0
-1.6709092510972048,0.3162469483819956,-1.5864369193647159,-1.2899691452853335,-0.14762635789633088,0.5140395011306121,0.5339977606807338,-0.6899017013461266,1.5209689554069699,2.743743694976658,-0.7809863948330135,1.3141101821145411,-0.8115262133529186,-0.7016264530734994,1.7346989714629635,1.5459844578983022,1.3731661690237384,-0.22646014535328815,0.2595943902636831,2.8055022564574457,-1.4805113119619857,0.6364812807198629,-1.4583863712603795,-1.1150369042366588,1.3541633834508116,1.0789083535365969,1.1884412687872632,-0.5264949106568113,0.6277701429158784,3.44539604016054,1
0.5548956886066778,0.8879865150178983,0.45979535503862856,0.42882347885895744,-1.0471098999235298,-0.6989911208736137,-0.691976961543883,-0.3895593212499209,-0.9924056979214777,-0.8037646304848467,-0.07384405866242988,-0.046930445258253156,-0.18420274474539733,0.03242828613510492,-0.9885060419464503,-0.8825244806052396,-0.6551810280974827,-0.6414638443955639,-0.6986748958990916,-0.2718892965288759,0.6220292109902297,1.2964851815042435,0.5087279611037506,0.4968418016640947,-0.630574609301669,-0.6224641470655998,-0.6015675340997795,-0.21446253521942515,0.05498682466339875,0.02352482558623496,0
-1.1901399492896105,-0.2780020500112264,-1.117413822682744,-1.0049025120504242,0.07293090762159868,0.4931284576545948,0.5166799863782977,-0.2873649010093938,-0.4817632971731909,2.543124074386985,0.12233091201715128,1.8392084370622388,0.157414123686826,-0.28323947795361165,1.8740845393436978,3.3809853087156183,2.659026080367724,2.0435106390620503,2.0327876158958613,4.967917469931468,-1.0291043151546575,-0.20914871716012393,-1.0097095020860292,-0.8636396921632685,-0.10013238406715326,0.24024702667215775,0.3235594020175167,-0.22413911174777937,-0.45653624564763917,1.7152364372858908,1
-0.318192776397024,-0.22623035696939262,-0.3068690536595291,-0.3601020462155224,-1.6885264373991378,-0.46516763473269557,-0.5982135835349778,-0.7640121587724632,0.2606600514324749,-0.5242807452495799,-0.620548725013666,0.14976187766529886,-0.21959548336675402,-0.4593641629056431,-1.1181670353238773,0.6246971793187359,0.0616927332422634,-0.15858202036729405,0.6241656263421004,-0.03839071566026399,-0.43153139963942083,-0.1742446647147963,-0.3140957302640207,-0.44876266910483203,-1.7272639099740303,-0.14948382522366974,-0.5353892382255773,-0.7157091993881652,0.4516469300842334,-0.6199450267174531,1
-0.6605804097318095,0.5188318341978672,-0.6984805712774869,-0.6416957864567072,-0.7237759494533684,-1.0227320939614049,-0.8950897144338861,-0.9637203387844857,-1.1119177491604384,-0.5395001647425893,0.02766508314270228,-0.006538271800738126,-0.09751618203511864,-0.2592555112269939,-0.395955302211608,-0.8560706063113225,-0.6347511931294848,-0.6645108356698781,0.36907863143893554,-0.7202206591921382,-0.6709769929643414,0.0018621453502665729,-0.7130859014510847,-0.6374896360032317,-1.0549283894892816,-1.0476531065310637,-1.0153872642317736,-1.1463912901039848,-0.7337388675826634,-0.9852009428798796,1
-0.4722672113976776,-0.9577868890822604,-0.5374479281977982,-0.5010436202108534,-1.257164438512033,-1.3217600156684488,-0.9698035407101113,-0.9655405956335535,-0.9272173063365902,-0.7249003658392514,-1.0782903232660221,-0.9469734407789722,-1.0608141984250816,-0.7307948328097092,-1.236158539297336,-1.1172552792991173,-0.7929147065309847,-1.2458948689801488,-0.4052119814087248,-0.8642642784610104,-0.6251700098934873,-0.8469409482065681,-0.687045282626423,-0.5893230761401677,-1.2671052795830877,-1.0993911104457155,-0.9825263173149286,-1.0962219625646723,-0.016993966667794968,-0.8677209698451809,1
-0.08708112389604436,0.6741469133233678,-0.03986120073819489,-0.175749309798632,1.7991290979506924,0.4418013509407351,0.6131647289204429,0.44333820554501147,0.11579695902161329,0.8288640060379981,0.8370769292218272,1.5775374003157272,1.0673665630243097,0.2550673307993649,2.1787878737806516,0.4272398354070848,0.43156422303601566,1.4120862205876863,0.688501726826527,0.17327240214069492,0.03903124463390124,1.3171103034037548,0.14356066264297163,-0.11750565889416845,1.827141034284921,0.3463130180108956,0.4709772611028086,0.7911570716887538,0.2571456428701562,0.49397871760245865,0
-0.7747096208434047,-0.38829826562208924,-0.7907949142254834,-0.7230193640597624,-0.5579829029245851,-0.9567672568143331,-0.7558053296871482,-0.7075841964513578,-0.7280305542716554,-0.5049105749857493,-0.7882098918154011,0.5993443300619896,-0.7520253774097687,-0.6180459629655889,-0.5470103594963107,-0.8458461027498697,-0.6362758076793353,-0.9128184882349218,-0.832990614454298,-0.7589609968928128,-0.6564020438054331,1.683602854079697,-0.6505285527803452,-0.6288948595220902,0.571761101229901,-0.5786810925013532,-0.44091401583964707,-0.40457004639955024,0.09327447962679984,-0.35401308775709067,1
-0.6092222647315918,-0.23748507284805226,-0.657497970596538,-0.6136232347574317,-1.0058491869865016,-1.0636036789372565,-0.8561247222534043,-0.9028717526870725,0.23893058757084507,-0.23234460770185067,-0.6524841853568536,-1.0200305892934343,-0.6694423206266036,-0.5257440304116358,0.042623007887539324,-0.9306175158757758,-0.591147217003758,-0.5769006976065602,-0.09368981064202786,-0.4152285460213721,-0.6459913658347847,-0.6946323557178654,-0.692432996866008,-0.6183304467640203,-0.7941276287489778,-1.029708220787126,-0.8474313133234536,-0.7621567667242646,-0.19464868569797586,-0.5339710464511519,1
2.1498514138912186,0.6718959701476364,2.1860321715998157,2.19189548867324,1.551564820328528,2.000624591880188,2.375866756132711,2.808111889176955,1.3036743167906772,0.45391285307385265,0.8564663158587624,-0.5142503303471572,0.6836887588391702,1.0131060367345868,-0.6040611965823787,0.631729906636137,0.44772513726443197,0.19343709293216402,-0.038383338295766324,0.0753650032244445,2.087852669257569,0.4809995925543117,1.951438107481582,2.1638703233188394,0.7883583432006611,1.9465528291970866,1.9515454805228918,1.906196428571398,1.4027122793751154,0.8875366272686981,0
-0.7490305483432957,0.3770224141267568,-0.7361514466508844,-0.7180994323186524,1.0639382128909312,-0.18705075650166894,-0.5321586444099706,-0.6729993163190675,0.1447695775037854,1.0059627055930191,-0.28066418278974037,1.6864206505055506,-0.3837357204513057,-0.35252649294161853,1.066944855569214,-0.4610477226831373,-0.2023705067918583,-0.6548816132881441,-0.2968564437507433,0.05705138903867104,-0.6439092302406549,1.0235989532953162,-0.6666916954991007,-0.6220906614745197,1.0314776964331478,-0.5453813045229123,-0.4664725301083046,-0.7873158656979852,-0.2298733282643052,0.2365907766809837,1
-0.13273280834068243,1.2143732754990246,-0.1586693461466023,-0.2229227729633935,-0.25790499065529515,-0.472201349356447,-0.4463119632250363,-0.45144805411823,-0.14857818462820896,-0.2046729358963789,-0.6384173754437829,-0.3665554700090258,-0.5504406487403035,-0.4685701299320217,-0.9693810454232797,-0.7488485636721738,-0.44325960566825107,-0.7536995347793821,-0.8533072777651695,-0.8272848652012756,0.14313802434038841,1.5757176010668656,0.19145145588372978,-0.042659480370894065,0.6513274350150782,0.1995472858096188,0.46504403457615584,0.27904286772663134,0.8544330602992124,-0.2712431067553716,0
0.48641816193972076,0.8137053902187459,0.5839850540718075,0.3848335009384437,1.4615414466477412,1.3637882678378506,1.5384286702220402,1.211226559158947,1.064650214312756,1.4570109560222118,0.5819734305280309,-0.24889131254582908,0.39644334394120434,0.4714075559192605,0.5252860557350119,0.7669746627400074,0.8233901623476165,0.35445031964312657,-0.6591702727946191,0.7642386445200776,0.830242770403204,0.7602320121169343,0.70328430864433,0.7152923705597756,2.3487425557655284,1.458155938846619,2.089835298797949,1.328579245032725,0.5542578453861489,2.1958363269732937,0
-0.29251370389691517,0.0033658469552612083,-0.37186166282022637,-0.3543138912259811,-1.1566383379018201,-1.2464802591547877,-1.0914980147010889,-1.1453039613136464,0.061473299367540174,-1.0749470141784714,0.019301034005200834,0.00048645401796017376,-0.11803371167068741,-0.15047974294162644,0.1337098557351819,-0.9190946626557261,-0.9698004866046499,-1.1819631466096194,0.1252786717084767,-0.2902029107146494,-0.4107100436981235,-0.548669954582858,-0.49578142712114615,-0.4448233965509754,-1.3378309096143568,-1.197132154789843,-1.2590374935589659,-1.534049832870661,-0.7245498303914468,-1.1315169092958217,1
-0.8403339172325714,0.7079110609593469,-0.8321914805698764,-0.7849526224478545,-0.02684499820794135,-0.40908801813792267,-0.5033369200352017,-0.6667584356936918,0.8256261118348348,0.37919933919907856,-0.45212719010852154,0.44480036205062745,-0.4263095944451113,-0.5165380633852572,-1.1616034681053156,0.2665690651556864,0.05955827287247256,-0.2233030232609162,0.9402026111778801,0.32013350051507067,-0.870862010000797,0.40484529630996063,-0.8681323445680387,-0.7805568528455669,-1.0460876857353727,-0.48001505404671346,-0.5536453198460467,-0.7447389289732272,0.3934496945398642,-0.20075512293455253,1
-0.29251370389691517,-0.15870206169743542,-0.26919817828613163,-0.3983038691464952,0.9138992567562857,0.5121384971782467,0.08781767561724962,0.203324338160771,0.8437339983861916,0.3086365760951255,-0.33579087028690957,0.520316164601634,-0.1205984028751337,-0.4264164914428147,0.23614204050334917,0.7431715856657264,0.5678647637926583,1.1216309880894788,0.8815100282798067,0.6695009095975186,-0.4190385860746426,-0.13616751659262022,-0.3766530789347608,-0.5037334270154664,0.0855223947649277,0.0601815064924399,-0.09313566096970172,0.17334487795537945,0.30768534742184594,-0.04856515786687559,1
-0.1099069661183634,-0.7259397419818744,-0.15535762083905094,-0.20411126924738426,-0.9750912009788998,-0.7550707374683866,-0.78388486373467,-0.725526728249313,0.25341689681193164,-0.8425049710125078,-0.8684287267250748,-1.241836307018833,-0.7453571802782087,-0.6098090450998819,-0.9233513927742929,-0.5254242265885797,-0.6344462702195147,-0.839731111796514,-0.1535110970573718,-0.576529224811454,-0.2836997724562092,-0.872325713621352,-0.22879025480392087,-0.3615614993899167,-0.9665213519501955,-0.28638295357948257,-0.6531409646776061,-0.6592873147074546,0.6293016491144143,-0.37750908236403086,1
-0.8660129897326808,-0.5548680606262504,-0.85578752338618,-0.8000018254206619,0.8763895177226243,-0.483227172280165,-0.7232726536761429,-0.6087702532162426,-0.3187923182109716,0.08587961806107629,-0.7688205051784657,0.30430584567666147,-0.7607453275048854,-0.6209531104476033,-0.622537888138662,-0.8778720609952665,-0.668902559046138,-0.6585123036943716,-0.40746938844326597,-0.5691333421595071,-0.7896587218297368,0.11609358971679429,-0.8043777260662794,-0.7182447233572908,0.20045154356573908,-0.6650138761491633,-0.7804771339803813,-0.59318885349839,0.13156213459020094,-0.28138910442654985,1
-0.854600068621521,-1.032068013881413,-0.8851790854906995,-0.8014488641680472,0.34375122344463266,-0.8750240868626299,-0.8077586525944572,-0.5819864738656718,-0.8547857601311594,0.54107861926109,-0.7285209956977765,1.038389693730633,-0.7427924890737626,-0.4867398016946109,2.55480475457519,-0.2365414275507121,-0.5478481637880014,0.6591126015570073,1.1320822091138891,0.34196896358272383,-1.0103650948074898,-1.410165430847085,-1.041437152608031,-0.8523590480317702,-0.47586229360826837,-1.0707779592938698,-1.0877269876528843,-1.0584088789000272,-1.5469686590053016,-0.5847010348070439,1
-0.6948191730652877,-0.21722658426646518,-0.67985211642251,-0.6862645798761752,1.364016125160221,-0.03344963715056177,-0.22551034086897329,-0.34743337702863497,-0.00371509221734735,0.3349246643103233,-0.3532793366653218,0.7784748384387963,-0.3437265376619463,-0.449431409008761,0.47374581086748474,-0.134296391936186,-0.09290318211258618,0.3670788080126139,-0.5801610265856741,0.009154244245109529,-0.6376628234582655,0.5635000801523598,-0.6373585846391363,-0.6281786281486617,1.610543792314161,0.0614148319731231,0.04378495118382026,0.11379671470397004,-0.16248705552871912,0.3679547465288731,1
1.5563795161109248,2.965607066218443,1.5071284835517706,1.6593852296354394,-0.886568216859459,0.1813638094667044,0.3162885980215345,0.4722022784373741,-1.3545634289486308,-1.3350607291499086,1.2936779753190695,0.1883978696681395,0.9729859267006927,1.7134863176098594,-0.4990357919466628,0.04639060221858524,-0.17858651981418916,-0.13806072676687725,-0.8431489461097337,-0.5487066186446058,2.435569313477236,3.125774839207104,2.196878422840466,2.872939383013017,0.3728452667669574,0.9475591898438577,0.5558680406379921,0.7196992757870623,-0.30491713199257153,-0.44853106606228016,0
-1.206403361873013,-0.8137265258354186,-1.1836483288337725,-1.0315280250023142,-0.08235941197775942,-0.36631542920970595,-0.8118406993943171,-0.6254126015505778,-1.5030480986697645,0.8482341763018286,-0.5669427737233154,0.003998816927309324,-0.43554248278111735,-0.5797685211190676,0.5359830876886496,-0.27927877047953514,-0.6670730215863173,-0.7661701670442508,-0.28782681561257817,-0.11270172706792171,-1.033268586342917,-0.43126541453948297,-0.9722948198666872,-0.8881706167031933,0.4214691374134542,-0.19573353074928224,-0.8825286302388063,-0.727618832038447,-0.6280649398836766,0.4277627328010837,1
0.9885866908307389,0.005616790130993462,0.9731127777091011,0.8739325975546841,-0.4754614770505309,0.31063207822753713,0.18145735523828022,0.6934935039454877,-1.0720803987474508,-1.0887828500812078,-0.006931665562417654,-0.6770483511954901,0.1348448410877001,0.03775805651879773,-0.3204277735692568,0.005817175387424035,-0.16364529722565338,0.2834150725647608,-0.5474286245848257,-0.40712829359304925,0.8781318890681882,0.02090071941135462,0.9786563697786875,0.6562032822519275,0.25349576608919094,0.5300785146326628,0.3336002469087749,1.187152357310627,0.024356700692677872,-0.2888651027105762,0
-0.30392662500807494,0.6583903110932444,-0.3966996026268619,-0.35662915322179783,-2.513740696139688,-1.5983560907375836,-1.0803280502760175,-1.2055024556792493,-1.4740754801875913,-1.4443638327815227,-0.8585439413807548,-0.12595861071860923,-0.8843634435591886,-0.6015721272341747,-1.18656320933047,-1.2621294620375834,-0.9422659478343482,-1.5474000288016576,-0.5259832577566836,-1.0022150991642311,-0.45859916236310766,0.5254229320301836,-0.5574408234186216,-0.4722192465846142,-2.259474275959328,-1.3672694048500627,-1.231050920434786,-1.5616057454152508,-0.9450867229806369,-1.369680854629801,1
0.14403052860493576,-1.2684170473332625,0.11165023208228383,0.02654670708583662,0.17270681345113767,-0.2714553319866832,-0.08300979803749725,-0.12276167451510958,-0.22825288545418307,-0.8826288951304418,0.06682404046827752,-1.0361874586764404,-0.13547361186092116,-0.04994089252196615,-0.6889891472445935,-0.4037039460950961,-0.06546012021527567,-0.47460994181371324,-0.609507318034711,-0.539901996439907,0.11607026161670196,-1.3435304216332775,0.050772250739003405,-0.018844787204397792,-0.444919830469588,-0.3899822939568545,-0.13010422625115248,-0.33192128723283065,-0.438158171265207,-0.7262110023261124,1
-0.4608542902865178,0.1339205511477119,-0.4621061774510027,-0.5160928231836607,-0.8633121786585887,-0.03915264900765723,-0.2551979539588641,-0.4478075404200942,-0.07614663842277816,-0.040026488653821246,-0.13201221857323586,-0.3050891190954155,-0.126240723524915,-0.2628894455795117,-0.17780068085408685,0.4386003949198097,0.44589559980461135,0.37497161324354367,0.7460656062073298,0.29477618856553817,-0.5710344844461136,-0.4185730318320907,-0.5589374107073956,-0.5751775065149556,-1.209640705182682,-0.2481498636783097,-0.3984686260720553,-0.5643079943214564,-0.34779930555158023,-0.3438670900859124,1
0.5948409124957362,0.5053261751434752,0.6046833372440039,0.4635524087962053,0.3587551190580976,0.47411841813094285,0.19011624238949845,0.20592470508801078,1.296431162170134,-0.5353494139717692,0.13031477710294817,0.0900517082063633,0.00968791031072927,0.10922543211831538,-0.7136247359863045,-0.32796688267692864,-0.3142772147508914,-0.38257983282107466,-0.6140221321037934,-0.5075009867266155,0.6803290076258619,0.9474446570509651,0.685325261179045,0.5416062625033736,0.3153806923665517,0.30499661440801523,0.09809679400471737,0.2537348983447826,0.8697481222845728,-0.4212970723133276,0
0.3409034177724371,-1.437237785513155,0.2722689094985284,0.21958167598703932,-1.0651145746596864,-0.7824451943824453,-0.37122704178518745,-0.43272541224210287,-1.6044522633573675,-1.0403574244216323,-0.705329768543795,-1.4943752002010366,-0.6668776294221576,-0.4644516709991681,-0.9035780912842355,-0.715307864158414,-0.4295380747195958,-0.6758764752024167,-1.2699117459897633,-0.7600175515573768,0.24516266845274554,-1.552954736305244,0.20641732877146662,0.10774910804908291,-0.44934018234654244,-0.23088330694874776,0.08440473278936517,-0.15863613217122885,-0.9067990680172358,-0.498727054540742,1
-0.1783844927853205,-0.22397941379366035,-0.20668936310609862,-0.2735691291218799,0.46378238835234925,-0.4146009295997817,-0.608480549728565,-0.5307592453990463,-0.5940321937916082,-0.7857780438112901,-0.3950995823528295,0.2797193053112174,-0.37245107915174264,-0.33799075553154717,-0.38720318515863167,-0.5773582129324659,-0.42008546451052214,-0.36126925869756493,-0.22010460457633965,-0.7033157845591166,-0.2295642470088359,0.03676619779559475,-0.27578309567141435,-0.3099928405030676,0.06784098725710999,-0.49913159899729986,-0.6371668932596951,-0.5217310575966986,-0.35851984894133304,-0.963840947782661,1
1.0485045266643267,1.9661882961934796,1.0641852236667657,0.9607549223978037,0.29648895226222,0.5311485367018985,1.000340682967769,0.9028230415882978,-0.3224138955212427,-0.5007598242149292,-0.03506528538855922,-0.2401104052724564,0.024563119296516958,0.11576651395284757,-0.7664615907876061,-0.29388520413875313,0.1363988461849422,-0.08754677328892799,-0.9503757802504447,-0.44305115218822033,1.1092489400165897,2.0358164742098226,1.1552536698539824,1.010737812099016,0.341902803628277,0.7409771718294552,1.6530585460282141,1.2333021838304699,0.09174297342826397,0.3562067492254034,0
4.004451094454638,-0.18571337980621844,4.011620747387545,5.352228112962793,1.364016125160221,0.9151513350796667,2.8595274527221823,2.893923997775871,-0.5578164206888928,-1.0417410080119054,9.406045270592141,0.4606059951426984,9.825274087966925,11.78432971988764,2.065334504575403,0.11563591734376698,0.9572513198244983,0.381285857428287,3.05200689199125,0.2331438331326467,2.4792941609539607,-1.1483850375071267,2.445311912776898,2.912332108551582,-0.8029683325028867,-0.6440473429775522,0.19348482047167082,0.6750381533485051,-1.9359712334334565,-1.5394928156526833,0
1.0770368294422257,-1.3652076038897343,0.9524144945369045,0.9911427360928956,-1.3231815792112764,-0.78491649952052,-0.5502186090396542,-0.16722794897091156,-2.107851509485111,-1.4319115804690603,0.3211671710586649,-0.29455203036736805,0.17331520915439177,0.2853501170703469,-0.8782941975756372,-0.93635189353458,-0.6393250367790366,-0.6657736845068268,-0.877010051627853,-0.8822257077585961,0.7532037534204032,-1.1563177766992463,0.6075027221628136,0.6042765076783639,-1.4916591549323663,-0.9637253075705855,-0.7891487727501044,-0.4577167821014333,-1.729217896631091,-1.3547288580617487,1
-0.5635705802869537,-0.354534117986111,-0.5598020740237707,-0.5887341683024042,0.5162960229994755,-0.11177099998800744,-0.5084085539380581,-0.388779211171749,0.4888194219795817,-0.16178184459789766,-0.4365396439886324,0.7696939311654232,-0.4904268745562643,-0.4106694425819041,0.34602973239071894,-0.5016211495142984,-0.42892822889965565,-0.653776620555814,-0.07224444381388537,-0.7100072974346878,-0.5502131285048163,0.014554528057658792,-0.5529510615523008,-0.5604947633596721,0.4789337118138599,-0.48556501870978686,-0.5358456402660889,-0.7666228789681204,0.20966895071553898,-0.7085890063709078,1
0.6205199849958452,0.048384710469899866,0.7537109760838184,0.48091687376482917,0.4937901795792781,1.631829825121342,1.665838009732822,1.1371161017326104,1.2638369663776907,0.4151725125461935,-0.32020332416702035,-0.4004497720842448,0.12561195275169396,-0.14660354629894082,0.6867139924899087,1.5751973252167382,1.4725710376739967,1.6567631827465024,0.783312822277261,0.8948992380378079,0.2472448040468756,-0.42174612750893864,0.4578439932854453,0.120283157084081,0.23581435858137326,1.1726410900685047,1.4239447216913206,0.9430048879798479,0.621644118121734,0.3887807417486606,0
-1.0885649514002909,-1.5925528646386562,-1.0698077713866918,-0.9493362241508275,0.295738757481546,-0.5330334758321328,-0.8621859432592571,-0.7419090398909242,-0.007336669527619494,0.4027202602337302,-0.7901108120739242,-1.169657249231708,-0.7576676980595501,-0.6611686506154673,-0.45268198681423233,-0.6455215700088167,-0.7318386476639702,-0.745964585653071,-0.15915461464372477,-0.5082053565029915,-1.0041186880251003,-1.5957915279426917,-1.0049204227619533,-0.8559402048989125,0.0855223947649277,-0.5614145357717913,-0.8742677533055438,-0.702608603472855,0.038140256479502435,-0.36629508493799134,1
-0.5806899619536932,1.9909486711265303,-0.61030588496393,-0.5780260815717528,-0.6375035496759475,-0.8261682852868447,-0.807263859042959,-0.6355540325668133,0.1882285052270441,-0.8023810468945727,0.7876530025002272,2.5100697527479254,0.6534254026267059,0.140235005259801,0.14213782030471467,-0.5427355553698751,-0.5441890888683599,0.027688183082643394,-0.03612593126122513,0.024298194437191473,-0.5418845861282975,1.2092250503909234,-0.5855766644475672,-0.5459910780477456,-1.2494238720752708,-0.979141876079123,-1.0153416240277224,-0.8736607024125291,-0.7781525473402083,-0.9446169521951651,1
0.8402187163856655,1.0545563100220594,0.8779006751169973,0.7225723445781788,1.776623254530496,0.877131256032363,1.8897320917857487,1.8745801622978397,1.6151299654740294,0.1439901288525679,0.7678834318115872,0.32362384167808156,0.6021315785377834,0.6930775514228489,0.3855763353708338,0.2833394149125664,0.54652016009475,-0.0843896511965563,0.02595276218866037,0.014084832679740741,0.9739101263981559,1.0124931184263493,0.8768884341420768,0.8442140177768988,1.371844790958628,0.6157946355401309,1.282916491173193,1.0501915818323853,0.9463234322113749,0.039544821909148826,0
-0.372404151675032,2.2813203407959453,-0.4240213364141617,-0.4101695868750549,-0.9945962652764034,-1.1618855832745365,-0.8530322625565407,-0.8638662487784745,-0.9525683475084902,-0.886779645901262,-0.600779154325026,0.26918221658316993,-0.6914986649848401,-0.49449219497998226,0.5693707934833373,-0.7169308012316603,-0.5859635275342661,-0.3708984810792988,-0.20543145885182112,-0.7353646093842202,-0.4856669250867945,1.632833323250129,-0.5598353630806598,-0.4974664024979673,-0.3962959598230912,-0.92277890161191,-0.8725334255515992,-0.7320849442823029,-0.7735580287446003,-1.0273869331968848,1
1.1826063497204504,-0.13394168676438462,1.1883749226999447,1.1095105056290153,1.409027812000615,0.8562202125563455,1.0918774899949324,1.5027276917025372,1.0501639050716696,0.04437211035286909,1.6529519041799305,0.6660792253396235,1.0524913540385221,1.4448174378137066,-1.030645864794114,0.2178809529582931,-0.1319333145887612,-0.38400053776264204,0.6715711740674674,0.4620640104548154,0.9156103297625235,-0.25039896095914793,0.8469566883666031,0.8030307138047621,-0.19295977348319313,-0.16243374277084133,-0.07031555894411473,0.2730880514014906,0.16678677715652943,-0.22478511741892296,0
-0.6491674886206497,-0.6111416400195478,-0.5217172329869291,-0.6298300687281474,0.981416787016876,1.264936062314861,0.9520983116966963,0.6745108253766364,3.17240820889079,1.5123542996331554,-0.3011941215817896,0.37279692240896967,-0.27909631930990386,-0.35010387003994,-0.5353408700923421,0.5814188573654973,0.4266854564764938,1.0695384735653437,4.005761364084942,0.2891412303545311,-0.5127346878104809,0.10657430268624998,-0.44519677676059527,-0.5028381377986808,0.27117717359700866,0.9444758761421502,0.7881766792584676,1.0769882552955197,4.383023341726255,1.0103565990777008,0
-0.6120754950093816,-1.8874264206595353,-0.6396974470684488,-0.5988634395341015,-0.5474801759951609,-0.9702643848761258,-0.7776999443409427,-0.78663535103945,-0.7280305542716554,-1.0196036705675278,-0.5578183564824046,-0.2963082118220428,-0.6032732875518937,-0.48988921146679304,-0.2928748124765535,-0.7326191929397093,-0.5713272278557003,-0.9191327324196653,-1.1095229761856054,-0.6892283890315987,-0.5002418742457023,-0.88343154849032,-0.5736039661373775,-0.5067774103525374,0.2225533029505106,-0.6076642412974038,-0.5764654218716337,-0.6758119300097207,-0.69238820022219,-0.6119350285559966,1
0.09267238360471808,1.732090205917361,0.027201236739721912,-0.010208077097750482,-1.955595779318807,-0.9738762923856197,-0.6700823468900885,-0.8019775159101653,-0.34414335938287255,-1.169030698317076,-0.6365164551852598,-0.5312852904575006,-0.5632641047625341,-0.4518540319104396,-0.5583556964168357,-0.4756541563423553,-0.3898980964234806,-0.8342061481348635,-0.7505952576935412,-0.6769019179450202,-0.16710017918494344,0.995041092203685,-0.19167489004233323,-0.24696447964136284,-1.355512317122174,-0.6785804564366763,-0.5956343075731269,-0.8712787758824727,-0.8685114130538351,-1.0380669307454933,1
1.4593696866660693,-0.7552020032663893,1.4367543207663025,1.4683761149805763,-0.6810148469549944,0.28591902684678955,0.3756638242013161,1.2601134573910568,-0.22100973083363978,-1.5246116810173909,2.2851979821647053,-1.018801262275162,2.126584030460558,1.941212870367644,0.7544618615296141,0.26873298125334844,0.33368396893560803,2.570750028488144,1.2156062693919163,-0.15919013230873139,1.2133557197230769,-1.25309719484311,1.1911717647845503,1.114591361246143,-0.8825346662880639,-0.3357159728068026,-0.23416389148782915,0.9459822961424185,-0.7184238055973029,-1.151808904638179,0
2.6234876400043383,0.6178733339300703,2.504785732451641,2.999343109714252,-0.872314516026667,0.20987886875218226,0.5377087123169701,1.2692147416363961,-0.00371509221734735,-1.0030006674842442,1.0085399365406085,-0.6280508886100696,0.9119462760348747,1.4215602579575923,-0.7029277040326668,-0.007707300222963035,-0.13040870003891067,0.7222550434044439,-0.13883795133285326,-0.026064244573685724,2.4584728050126636,0.3984991049562642,2.3166054059423606,2.7404365789287515,-0.4228180710848165,0.630594541308327,0.5344171447339402,1.7930549183937197,1.0366822979250017,0.41601473549761325,0
0.5691618399956274,0.07989791493014581,0.5177505479207783,0.4864156210048937,-0.3254225209158854,-0.36536492723352343,0.10835160800442405,0.472462315130098,-0.014579824148162775,-1.2271412091085676,1.324853067558848,-0.3472374740076053,1.1304579666536843,0.9709523982453799,1.2128134731188192,-0.1921811475486425,0.07632903292082907,1.0158673979950228,-0.5970915793447339,-0.6571795642064949,0.7427930754497544,-0.18217740390691636,0.6583866899811195,0.627554027314789,0.7795176394467522,-0.3178327533368992,0.023703261401303653,0.5633853472521121,-0.4014020225003418,-1.079184921307638,0
0.7888605713854479,0.0371299945912402,0.6957557832016686,0.6672954644280595,-1.6180081280158547,-0.5936755019125822,-0.4630112455881,-0.5330995756335621,0.1520127321243287,-1.3973219907122203,0.3040588887319572,1.4862159646726494,0.33540369327538677,0.18020828313749723,-1.1784593972443809,0.05558724563364845,-0.059056739105903144,-0.08754677328892799,-0.6309526848628532,-0.8082668812391262,0.420062058359644,0.3747008873799046,0.4039668508895927,0.2855535465026985,-1.972593439144994,-0.5244147713513013,-0.4085094709633136,-0.44357409332922343,-0.5897772849202755,-1.3007948704412733,1
-0.010043906395717823,-0.7461982305634615,-0.07504828213092868,-0.11121138166524622,-0.858060815193876,-0.8461288267866791,-0.6629078403933648,-0.48811322779231225,-0.3187923182109716,-0.5256643288398539,-0.03696620564708229,-0.29455203036736805,-0.09289973786711545,-0.15580951332531925,0.2909238102053124,-0.6833901017179005,-0.5005851127426332,-0.41178321217551395,-0.0835314789865921,-0.3465524928247216,-0.11296465373757014,-0.6549686597572657,-0.16772949342195437,-0.2193895717643671,-0.5686896830243089,-0.806846306427708,-0.7576570319547944,-0.5899137045195625,-0.2865390576101385,-0.6268870251240493,1
-0.6634336400095993,0.19919790324393682,-0.6413533097222248,-0.6651378141643494,0.9664128914034109,0.2022748529427213,-0.25358987491649493,-0.28164409376946614,0.6916277513547876,0.24222456376199364,0.3911210365723141,0.841697370807081,0.5646870869528701,-0.020142630831319744,0.7632139785825908,-0.0829033846167152,0.27971261387089724,-0.021247209349119736,1.4876238170541412,0.43917199272259855,-0.6001843827639302,0.07960298943304243,-0.5355906490025261,-0.588427786923382,0.15182767291924223,-0.4121821526091485,-0.3747357199654449,-0.5220287984129557,0.39191818834132836,-0.22478511741892296,1
-0.20977002584100898,-0.7732095486722445,-0.21124298540398181,-0.3751512491883299,0.8838914655293568,0.951270410174605,0.3459762111114253,0.5632151208907699,0.5069273085309395,0.8634535957948382,-0.4293161470062448,-0.3472374740076053,-0.6617482470132653,-0.6350043232773388,-0.0922244252249851,0.550042073949399,0.2226920297064854,0.3434003923198254,0.06207127474132099,0.2778713139325167,-0.14003241646125697,-0.3995344577710027,-0.30361961924260505,-0.46129671813983014,0.9386503070171066,1.3755231316408583,0.9497430015996233,0.8432617145337372,0.9417289136157674,0.9355966162374383,1
-0.7290579363987666,-0.12268697088572496,-0.755607832832749,-0.6963938511078724,-0.05835317899621611,-0.92635119357649,-0.7245096375548884,-0.661297665146488,0.42725260770496537,-0.5132120765273915,-0.2814245508931495,-0.4471641987785886,-0.329364266917048,-0.38038665631092206,0.40502548437744823,-0.9121160332407664,-0.5795601464248935,-0.4711371075121041,1.2855858874626964,-0.5029225831801721,-0.700126891282158,-0.5137659021375304,-0.7481060440083891,-0.6559325938690146,-0.32999068166877665,-1.041178147757478,-0.8532276192379527,-0.7591793585616943,0.6032660437393019,-0.7326190008552775,1
-0.8003886933435135,-0.8542435029985928,-0.7539519701789736,-0.7455931685189736,-0.9278289297964861,0.15094774622886137,0.1455848227546621,-0.5367400893316979,0.02887910357509591,1.3477078523905976,-0.2601342439976911,-0.25767221981920213,-0.13137010593380735,-0.39249977081931486,1.0701863804036496,2.223831175490901,1.8973286512623702,1.3915649269872692,-0.9706924435613163,2.999203944960819,-0.8666977388125376,-1.075403836939623,-0.8103640752213742,-0.7565631018357135,-0.9797824075810582,0.1532975802840063,0.11133245317955762,-0.4679888402623014,-1.1564345783786107,1.0797765831436594,1
0.3951147930504451,0.04163188094270391,0.4183987886942356,0.2873030893646725,0.9889187348236084,0.35815717703666683,0.7133604230988244,0.8492554828871561,0.4670899581179519,-0.6667898550477609,0.28657042235354496,-0.7513348267282246,0.13792247053303533,0.22139287246603287,-0.27180490105272165,-0.5811450661033742,-0.13315300622864173,-0.11438231107408846,-0.7697832174871421,-0.47650871656607574,0.6366041601491379,0.04628548482613849,0.5416528814567719,0.5075852722655216,0.9828538257866497,-0.1026174569577158,0.46276202437359715,0.5544531227644008,-0.11501036337410193,-0.2076971213411486,0
1.1226885138868639,0.2847337439217488,1.1097214466455982,1.0342644907649783,0.30624148441097127,0.4836234378927688,0.3472131949901708,0.7647435577518601,1.1370817605181869,-0.27800286618087994,1.3529866873849896,0.1304438816638787,1.2966499567017928,1.225085540631461,0.2977310123576274,0.07668542758585215,0.14859576258374682,0.7617190695590917,0.9232720584188203,0.06409508680243009,1.1092489400165897,0.055804771856682235,1.095390178303035,0.9910414493297334,-0.06476956905151908,-0.14393386056059634,-0.10637132014454198,0.5172355207322697,0.5190332028198195,-0.41809307304874466,0
-0.7804160813989843,-0.15420017534597172,-0.7796178413124969,-0.7479084305147902,0.66633497913412,-0.3511073975907845,-0.5679074785057142,-0.579126070245708,0.4526036488768663,-0.09260266508421773,-0.5927952892392291,-0.3577745627356527,-0.684317529612391,-0.5083011455195501,0.4857394527548964,-0.49621135927014354,-0.35086796394730546,-0.0922824564274858,0.4006823299225134,-0.9146267174718876,-0.7771659082649583,-0.42491922318578657,-0.8277244877711489,-0.7053525586355784,0.7043716575385288,-0.6082809040377453,-0.5262611974153425,-0.4277938300676,0.2265155188994353,-0.8677209698451809,1
-0.6463142583428599,-0.4288152427852634,-0.6757124597880709,-0.6388017089619366,0.3512531712513651,-0.9094322584004397,-0.8089956364732027,-0.8498242673713791,-0.304306008969885,-0.6889271924921384,-0.8098803827625641,1.2508876497462564,-0.9305278852392188,-0.5984227174619926,0.2439217001059947,-0.9091947465089226,-0.5164411040610793,-0.8547274417352803,1.1964183095983159,-0.6430921686789768,-0.7563445523236609,0.12243978107049011,-0.8151531545454503,-0.6858352537096528,0.14298696916533338,-0.9622453169937659,-0.8656873949439231,-1.0584088789000272,0.4409263866944814,-0.9782589444732834,1
-0.9772889705664856,1.3336732638128148,-0.9762515314483635,-0.8758266557836529,0.04142272683332288,-0.5915843975649806,-0.8057794783884646,-0.8337019924224918,0.34395632956872013,0.07066019856806685,-0.56732295777502,0.49046107987216636,-0.6812399001670557,-0.5458518004955678,0.03581580573522434,-0.8240446480659259,-0.661279486296885,-0.8539381612121874,0.08916015915581607,-0.4208635042323795,-0.8229728913358128,1.5043229483377856,-0.8627446303284532,-0.746356804764358,0.7750972875697985,-0.7168135463378491,-0.7540058156307005,-0.7859760320248285,0.7610111821885138,-0.13934513703005122,1
-0.26398140111901647,-0.8902585938103033,-0.26009093369036523,-0.32045318453716465,-0.16338044829046774,-0.351297497986021,0.04947117537614056,-0.34795345041408293,0.0723380312983546,-0.09813699944531189,-0.4863437547619369,-0.7393927928364377,-0.5160737866007256,-0.39686049204233625,0.48800852013900137,-0.29280324608992225,-0.0618010452956342,-0.3344337209124045,0.7787980082081782,-0.11798450039074107,-0.2982747216151175,-0.8263158263070564,-0.2733885560093765,-0.3495646238849901,0.6822698981537574,-0.18771691512484276,0.10585562869341684,-0.25212674847594174,1.434873909544373,0.12017880340114619,1
-0.7604434694544551,-1.9076849092411223,-0.755607832832749,-0.7128900928280651,-0.1716325908778742,-0.6959495145498292,-0.6656292049266048,-0.5715850061567123,-0.4890064517937342,-0.22819385693103053,-0.9813433900813455,-1.322445035788396,-0.8833375670774101,-0.6946008466586315,-0.3366353977414351,-0.5568010100046776,-0.5292478662798242,-0.8199990987191903,-0.829604503902486,-0.5663158630540034,-0.7042911624704173,-1.545021997113124,-0.6903377746617251,-0.6482331066046586,0.9916945295405585,-0.10508410791908188,-0.3081010220507309,-0.36586374028613394,0.15912924616384921,0.061438816883796814,1
1.5335536738886053,0.007867733306724915,1.445033634035181,1.503105044917824,0.5613077098398683,0.29162203870388526,0.60574282564797,0.980313976020046,-0.09425452497413586,-0.8729438099985266,0.7488742292263565,-1.0177475534023575,0.49851805387816017,0.7710860088568985,-0.787531502211438,-0.410195694388082,-0.1526680724667292,0.1602873109622599,-0.8059017300398025,-0.445164261517348,1.9774994827686925,-0.18059085606849212,1.685045570079866,1.9686972740595838,0.7662565838158896,0.37036286488421416,0.702829497682772,1.2764746021877416,0.7150659962324326,0.28945676454659747,0
-1.2862938096511294,-0.7619548327935848,-1.2991447489346288,-1.0708874789311948,-0.8535596465098363,-1.1898303413743048,-0.8957082063732589,-0.8201800844008446,-0.9091094197852325,0.1730453842483137,-0.6984864556131121,-0.6737116064316085,-0.8258884840978169,-0.6427567165627103,1.4786185095425446,-0.8213397529438485,-0.6292625807500226,-0.32070023981058704,0.34311845054171064,-0.09650122221127592,-1.1852644847143883,-1.038913236655871,-1.2291091986202514,-0.9608681011061823,0.79719904695457,-0.9921534599003285,-0.9406286099959508,-0.6243027687972514,-0.23753085925698544,-0.1227911408297071,1
0.14403052860493576,0.5030752319677438,0.2408075190767895,-0.013970377840952529,0.7038447181677814,1.584304726312212,0.6626440840702607,1.0302410210230517,1.629616274715116,0.893892434780857,-0.5490741232931984,-0.40484022572093137,-0.3668087585019613,-0.4390141305315432,-0.8513895414498209,0.26873298125334844,-0.17340283034469717,0.29446499988806224,-0.7054471170027153,-0.0362776063311363,0.2951339227118598,1.190186476329836,0.4668235170180877,0.04364640012723546,0.8900264363706099,2.517582526753315,1.2605527911881176,2.321544867249979,2.0704489819368304,2.318656298782296,0
0.6233732152736354,0.5818582431183599,0.6584988734917148,0.5127517262073064,1.536560924715064,0.4722174141785779,1.1252760547210596,0.8216915934584137,0.2425521648811172,0.3515276673936077,0.652687664145089,0.4272385475038817,0.0697016844947685,0.4493616875139855,1.1285338274234915,0.6479592773686016,0.7895437193409335,0.032423866221201206,2.193063515348292,0.8357321768222319,0.3180374142472869,-0.07905179440935664,0.20641732877146662,0.18384869147585697,0.4524116005521346,-0.27404969877265256,0.25875031226484946,-0.14077168319580588,-0.2696924894262422,-0.2429411132515578,0
-1.4397975985962248,-0.4423209018396553,-1.3579278731436668,-1.155105134029021,0.7938680918485691,0.7193479279860524,2.7717015973312553,-0.11600072050428599,1.1189738739668291,2.4462732230678346,-0.2719199496005341,-0.03463717507553132,-0.4822198627020367,-0.5208987846082785,0.8008156666620445,3.2717075457836904,8.272656852917585,3.4042302608743045,2.3905866308706547,2.023299619792005,-1.2269071965969829,-0.4852080410458986,-1.2362928176063648,-0.9809225795621791,0.699951305661575,1.1128248042553794,4.446695436000572,0.905787285947717,2.015314758789533,1.7846564213518488,1
-0.6748465611207586,-0.47383410629990125,-0.7001364339312623,-0.6636907754169641,0.12919551617208969,-0.7993641295584956,-0.628890783727865,-0.41140240343873585,-1.0358646256447355,-0.2530983615559552,-0.5848114241534321,-0.787160928403586,-0.5555700311491958,-0.5162958010950893,-0.056243499562749065,-0.9130897954847143,-0.38776363605368974,0.030845305175015082,-0.20543145885182112,-0.7547347782345575,-0.6647305861819524,-0.6851130686873211,-0.6699841875344028,-0.6285367438353759,-0.0028846427741583552,-0.9375788073801061,-0.5732706075880516,-0.06335907096897352,-0.5208595059861535,-0.7000450083320203,1
0.0955256138825079,0.09790546033600143,0.1836802575215274,0.003972902626625653,-0.6337525757725817,1.2193119674580963,0.5847140997092972,0.4631009941920345,-0.3187923182109716,1.2646928369741814,1.833159144687918,0.9769233428170231,0.7873022834987935,0.9191082681494587,0.22155517874838865,4.372058881444781,2.0461310313277874,2.534443124425868,2.2551422087981776,6.707710817579948,-0.09006116220214308,-0.567708528643946,-0.15276362053421755,-0.1884125648635862,-1.438172897221219,-0.05451776321107885,-0.25424558127034563,-0.17947798930922218,-0.9803113655469657,0.2088227830546001,1
-0.9487566677885869,-0.9735434913123834,-0.9659023898622653,-0.8518058125770565,-1.356940344341572,-0.9898447255854873,-0.8216128720364062,-1.0488823556515916,-1.4595891709465059,-0.8162168827973091,-0.5566778043272907,0.04439099038482474,-0.5227419837322854,-0.5192029485771037,-0.1722900886355463,-0.4204742958519761,-0.37556671965488503,-0.9538610754357555,-0.46051845375498635,-0.5120793902730588,-0.8854369591597052,-0.7914117738617288,-0.8684316620257931,-0.7723201920511397,-1.0947115563818701,-0.8247295258976115,-0.8222379206872056,-1.191350153358799,-0.9374291919879566,-0.8751969681292071,1
1.4821955288883877,1.6150411607793025,1.5029888269173315,1.4828465024544295,-0.15062713701902367,1.3010551374097994,0.9496243439392054,0.7207973566815062,0.18460692791677194,-0.023423485570537788,0.5964204244928059,-1.0669206341332456,0.36053766707895873,0.7025257807393953,-0.6688916932710921,0.41101046467462027,0.07541426419091865,-0.3175431177182151,-0.6049925039656284,0.02887659798363484,1.654768465678582,0.8236939256538937,1.6341616022615613,1.6839953031217703,0.8193008063393414,2.4848994015152157,1.512486717550598,0.9578919287927004,1.1637973124034937,1.5069764850880165,0
-0.1469989597296315,-1.2143944111156968,-0.12431019608075622,-0.2556258486543021,0.6813388747475849,0.29922605451334594,-0.12778861444808257,-0.09623793185726283,0.5793588547363703,0.03468702522095382,-0.5399497060522875,-1.2567638493835669,-0.4175896443499944,-0.4394986551118789,-0.3979002171122694,-0.13213247583852397,-0.21517726901060324,-0.5200724999438675,-0.26751015230170666,-0.3155602226641819,-0.25454987413839264,-1.3609824478559414,-0.170722667999502,-0.3329122444527783,0.23139400670441945,0.08484801610609989,-0.09131005280765471,-0.34621284641316896,0.23417304989211551,-0.12332514070713808,1
1.7789314777785346,1.7478468081474845,1.7099716586392963,1.8475002667955318,0.29873953660423985,0.1015216434673664,0.7789205686723333,1.1732612020212447,0.043365412816182475,-0.9767125792690465,-0.004650561252190006,-0.3173823892781377,-0.1221372175978012,0.31902457540367896,-0.6598154237346724,-0.530293037808319,-0.3453793515678434,-0.5476973182521209,-0.8995841219732659,-0.6769019179450202,1.6922469063729173,2.13418244019211,1.6611001734594877,1.739503234562476,0.8767653807397472,0.23716371297045025,0.4613928182520621,0.8268859696395993,0.3658825829662151,-0.2183771188897571,0
2.3381646122253508,0.08439980128161031,2.5337633288927166,2.4870913931398464,2.7443745215989583,3.29520828344088,4.174441315828597,3.4868076571865627,2.7305757770376626,1.0530045476623204,3.102593693329627,0.5817825155152438,3.7059208741584797,3.1694826815186747,-0.18266296810574045,3.30524824529745,2.180297111714639,2.0750818599857683,1.1659433146320082,0.4307195554060875,2.539676093183723,0.36518160034936087,2.9930628604680662,2.663441706285192,1.6680083667145666,2.7358811368342058,3.117652694030386,2.6326840202385937,1.750364186442798,0.737482661710743,0
-0.34387184889713335,-0.6944265375216276,-0.3813828730794369,-0.3977250536475409,-0.13262246228286592,-0.784536298730047,-0.6176342304312813,-0.8337019924224918,0.753194565629404,-0.7041466119851479,-0.6251109336341214,0.009267361291333244,-0.6561059263634837,-0.5070898340687109,-0.5058429940989775,-0.20570562315902957,-0.201455738061948,-0.8405203923196072,0.5801461891685455,-0.583572922575213,-0.479420518304405,-0.3281398050419232,-0.5248152205233556,-0.49245278288396815,-0.2990482185300969,-0.4639818227978345,-0.35830524650702233,-0.8389738973185831,1.0596548909030423,-0.7187350040420861,1
-0.9744357402886958,-0.9330265141492092,-0.9977777459474483,-0.8683020542972492,-0.6074957584490186,-1.1489587563984534,-1.1000579431420074,-1.253661251171732,0.4562252261871375,-0.4191283923887869,-0.2586135077908726,1.249131468291582,-0.3437265376619463,-0.41648373754593254,0.5298241905032218,-0.8337822705054045,-0.990901151974582,-1.8397495345552881,1.3386349527744164,-0.9903464684322972,-0.9708045185190248,-1.0325670453021754,-1.0058183751352174,-0.8312302225156306,-1.0947115563818701,-1.160132390369353,-1.2674581112064074,-1.699444856301451,-0.30951165058817914,-1.1982668939746275,1
-0.5150656655645258,2.4028712722854677,-0.5867098421476258,-0.5331678804028077,-1.427458653724855,-1.3208095136922664,-1.1000579431420074,-1.253661251171732,-0.3658728232445014,-0.43988214624289046,0.1770774154626159,4.273275933241197,0.03020543994629826,-0.0979088259752016,0.0844386782517595,-0.938028928510268,-0.990901151974582,-1.8397495345552881,1.198675716632857,-0.23878391703920848,-0.5731166200402437,1.9580756301270468,-0.6502292353225902,-0.5615691104198148,-1.6861546375183554,-1.2574417707952417,-1.2674581112064074,-1.699444856301451,-0.7704950163475281,-0.8890809649423985,1
-0.7033788638986578,-0.7371944578605341,-0.6678471121826364,-0.698709113103689,0.9589109435966785,0.2536019596565815,-0.22217048439636047,-0.08427624399195935,0.3041189791557326,0.058207946255605464,-0.5829105038949091,-0.8426562623713024,-0.5940403992158876,-0.564021472258157,-0.38720318515863167,-0.29929499438290813,-0.18864897584320306,0.21869406967113839,-0.2607379311980827,-0.6452052780081047,-0.7417696031647527,-0.9579992968962473,-0.744514234515332,-0.7105452360929349,0.4037877299056365,-0.24074991079421168,-0.21682061394838306,-0.054426846481262024,-0.19158567330090412,-0.5238250487799729,1
-1.148482787233878,-0.39730203832501665,-1.1252791702881786,-0.9805922610943506,0.3512531712513651,-0.5740951612032208,-0.7894512911890245,-0.7920961215866539,0.3186052883968192,0.0734273657486149,-0.5209405034670568,1.4071877992122936,-0.5371042544771837,-0.5407642924020428,0.234845430569575,-0.6000793319579162,-0.4755814341250836,-0.5701128851079608,0.023695355154119177,-0.3648661070104951,-1.0499256710959548,0.1795555032537537,-1.0423351049812952,-0.8747412784514097,0.34632315550523085,-0.7143468953764832,-0.7859539584665223,-0.7319360738741743,-0.027714510057547784,-0.39726707782895715,1
1.8160234713898038,0.5593488113610413,1.7472285683492503,1.861970654269385,-0.33892602696800345,0.18326481341906967,0.11206255964066034,0.7707244016845121,-0.666463739997039,-0.9974663331231501,0.6812014680229349,-0.5214506743113231,0.7144650532925235,0.8059717786410697,-0.28217778052291576,-0.35285191780004077,-0.2667092407955531,0.46652815392232627,-0.7156054486581513,-0.671971329510389,1.6880826351846578,0.10498775484782631,1.628175253106466,1.6249062148139222,0.014796764733659347,-0.11371738628386277,-0.03425979774368722,0.9281178471669955,-0.4641937766403194,-0.8933529639618427,0
-1.017234194455544,0.20144884641966906,-0.9501716946513961,-0.9128708477167173,1.2139771690255756,0.5102374932258816,-0.29898718326645307,-0.45586867789453783,0.4344957623255086,2.0810071552356044,-0.24834853839484805,1.134979673737735,-0.40220149712331776,-0.4666320316106788,1.5564151055690012,0.6430904661488623,0.4089999276982271,0.5975487207557569,0.2347629128837292,1.0488040341759428,-1.0499256710959548,-0.46934256266165847,-1.023178787684992,-0.8919308314136928,-0.10455273594410708,-0.3153661023755331,-0.6764174687437047,-0.7859760320248285,-0.8103141775094651,0.330040755231312,1
0.7203830447184912,1.9774430120721382,0.6916161265672289,0.603336351793628,-0.8603113995358959,-0.022043613436370586,0.04427584308540962,0.12505329365085058,-0.7678679046846419,-0.8715602264082526,0.2185174770984188,-0.24362276818180556,0.30770502826736856,0.22720716743006128,-0.3810442879732039,0.6344348017582145,0.45138421218407343,0.6180700143561737,-0.8589507953515226,0.027467858430882997,0.5783043635135048,1.3345623296264186,0.5955300238526244,0.4502867623912447,-0.8162293881337493,0.3290464612813338,0.28567803265504216,0.4115375309610179,-1.0630127002679124,-0.3139630969498071,0
-0.3866703030639811,-1.24140572922448,-0.4062208128860724,-0.4558960112924311,0.048924674640055364,-0.37125803948585534,-0.9407344195595932,-0.7533506543707796,-0.5940321937916082,-0.24618044360458705,-0.8296499534512042,-0.914308465722025,-0.7617712039866639,-0.6248293070902888,-0.32885573813878954,-0.745602689525681,-0.7907497538701969,-0.580373531908169,-0.7957433983843667,-0.852994362038996,-0.5627059420695948,-1.3054532735111015,-0.5466653949394511,-0.5708801182743847,-0.11339343969801592,-0.6711805035525783,-1.0286229234066142,-0.755159857542224,-0.8317552642889698,-0.7934949868823485,1
-0.8945452925105795,-0.15870206169743542,-0.8777277035487084,-0.8092628734039279,0.3287473278311687,-0.5486217082415273,-0.48849311349025626,-0.49123366810500013,-1.1445119449528816,0.4663651053863159,-0.0734638746107253,0.9295064435408097,0.09893916422545426,-0.3244240672821472,0.7910910921587374,-0.22950870023331074,-0.3841045611340483,-0.0165115262105622,-7.418708564507049e-06,-0.39198434340096744,-0.7917408574238666,-0.020349524387669387,-0.719670885521689,-0.7164541449237196,0.17392943230401375,-0.5651145122138405,-0.6230184300038313,-0.5253039473917832,-1.0124729957162228,-0.36095508616368677,1
0.1811225222162044,0.5165808910221349,0.1638099056762186,0.021047959845772443,1.3265063861265596,0.6280997382725234,0.49936221207586123,0.8586168038252198,0.8147613799040194,0.6642175587954405,0.090015267622259,-0.11190915908121263,-0.04622235794619617,0.022253269948055092,-1.1084424608205703,0.16053717637025186,-0.20663942753144,0.1681801161931894,-0.2957277402334727,0.1035397942794804,0.3471873125651034,0.791962968885414,0.26628082032241396,0.2022916493416398,0.19603119168878527,1.0665750987297669,0.3696560081092024,1.0308384287756773,1.2036164735654307,1.3521165206331869,0
-0.8146548447324625,0.12716772162051593,-0.8135630257148994,-0.7591953327443955,0.7038447181677814,-0.6780800773975966,-1.0381345301720102,-1.0564754270791321,0.49968415391039617,-0.34579846210428583,-0.3852147970085095,1.3211349079332393,-0.44426243287623407,-0.4736576380255466,1.883809113847005,-0.7867170953812577,-0.8903680685574342,-1.0556782629147465,2.442506992665104,-0.6518967908836757,-0.8791905523773158,0.011381432380810878,-0.8947715983082103,-0.7814521420623525,0.44357089679822576,-0.9826568536990696,-1.2065284387980901,-1.3984288910655758,0.5818249569597971,-1.0070949378545275,1
-1.3042691604012058,-1.5430321147725545,-1.2937631953098576,-1.0873837206513879,0.4787862839658142,-0.7326388908304774,-0.7344055085848519,-0.7138250770767335,0.04698699012645361,0.8676043465656592,-0.46239215950454626,-0.4160797870308486,-0.46990934492069536,-0.5686244557713462,0.8192923582183278,-0.6092759753729794,-0.38562917568389893,0.40338571207489,-0.05870000160663783,-0.2979509782547842,-1.243564281350021,-1.594204980104268,-1.2473675635432901,-0.9984702482111765,0.001535709102795457,-0.870979231423224,-0.862766421884648,-0.7724288248851329,-0.7077032622075505,-0.33906109118903877,1
-0.3695509213972422,-0.6314001286011349,-0.42319340508727343,-0.4257976053468164,0.1719566186704637,-0.971785188038018,-0.648187732236294,-0.5089161632102313,-0.7678679046846419,-0.8646423084568854,-0.6163667004449151,-0.5980201857351344,-0.6945762944301755,-0.5049094734572002,0.28638567543710236,-1.0803605098339815,-0.5075983396719459,-0.47239995634905296,0.19751569681379796,-0.671971329510389,-0.5710344844461136,-0.9437203663504314,-0.6325695053150606,-0.5687314241540994,-0.12223414345192478,-1.1434824963801327,-0.7932563911147101,-0.8237891156894736,-0.8103141775094651,-1.0669029241267374,1
-0.8003886933435135,-1.4259830696344955,-0.76305921477474,-0.7620894102391662,2.0767011667997872,0.1452447343717659,-0.12284067893310079,0.1895423934463996,0.7821671841115762,0.8800565988781206,-0.54261099441422,-0.4002741539387774,-0.5212031690096178,-0.5603875379056392,-0.1437646700925122,-0.42263821194963797,-0.35025811812736524,-0.0023044767948890432,0.032724983292284335,-0.032755757449256774,-0.700126891282158,-0.8215561827917842,-0.654718997188911,-0.7098290047195063,1.2657563459117256,-0.0810342610457633,-0.24192272617652863,0.2626671228324939,0.6599317730851352,0.4309667320656659,1
-0.2468620194522771,1.3404260933400107,-0.310180778967081,-0.3233472620319353,-0.6082459532296915,-0.977298099499877,-0.7571660119537682,-0.7159053706185254,-0.6628421626867679,-0.9601095761857631,-0.7243389711290258,0.23932713185370236,-0.7751075982497838,-0.5230791452197894,-0.42480487323808575,-0.9467386908033572,-0.5304675579197046,-0.8214198036607575,-0.8262183933506742,-0.699441750789049,-0.3857244165685667,1.3520143558490822,-0.46435309405689845,-0.4290663063355493,-0.15317660659060514,-0.9233955643522515,-0.6330592748950894,-0.8054780554896651,-0.7168922993987666,-0.8650509704580289,1
1.4536632261104896,1.2391336504320754,1.6892733754670999,1.369977480158374,0.1036888936292005,2.7058970582076727,1.4543137664673496,1.6535489734824502,2.154744984704488,2.1059116598605288,2.1160160791561515,4.134537598321906,4.2291178798654885,1.8661115604156087,-1.2770017522112258,3.1045450272393067,1.719863517659762,4.616565144345083,2.7145245403273286,3.1788182379366745,0.9905672111511942,0.671385333165191,1.343823668239466,0.8227270765740449,-1.2671052795830877,0.8279266182176066,0.39338891421581273,0.9310952553295662,0.4041702379296162,0.9729766076575699,0
-0.6349013372317006,-0.41305864055514,-0.6645353868750844,-0.627804214481808,-0.9225775663317735,-0.8942242267815184,-0.7675566765352301,-0.66077759176104,0.264281628742746,-0.778860125859922,-0.7296615478528905,0.042634808930149974,-0.8161426575209217,-0.612716192581896,0.16742171401331293,-0.5724894017127267,-0.5603500030967762,-0.4856598691370145,-0.3239453281652388,-0.7149378858693191,-0.6543199082113035,0.006621788865538726,-0.6720794097386862,-0.6351618840395893,0.20045154356573908,-0.49481495981490936,-0.6668330258929582,-0.33876932600674275,0.28930727303941295,-0.7481049973007612,1
-0.25827494056343686,0.5661016408882364,-0.255537311392482,-0.3418693579984674,0.08418382933169688,0.023580481420393887,-0.07843295768613913,0.11205145901465118,-0.20290184428228208,-0.13964450715352006,-0.7798458426778996,-1.0562079272597307,-0.7648488334319993,-0.5979381928816568,-1.2086055782046328,-0.6352429685449226,-0.5481530866979716,-0.7579616496040841,-1.0903350163920043,-0.737477718713348,0.0057170751278253044,0.663452593973071,-0.03902298658741764,-0.23604195119657875,0.7927786950776149,0.8285432809579484,0.43400869582135765,0.6929026023239281,1.1959589425727504,0.6461686826701363,0
-0.3552847700082926,-0.8024718099567589,-0.36027062424379624,-0.41306366436982556,-0.42144745284205865,-0.39483048849518376,-0.3782778498940365,-0.45326831096729797,-0.3513865140034148,-0.5049105749857493,-0.9467466413762254,-1.2753793728031173,-0.8361472489156014,-0.6669829455794959,-0.7149213459200789,-0.4123596104857438,0.020833063306267642,-0.5200724999438675,-0.5395276999639311,-0.5370845173344035,-0.43985994201594,-1.008768827725815,-0.40658482471023444,-0.47759098188532767,0.010376412856704308,0.030581694956048105,0.3189953816123993,-0.24304565358010183,0.14381418417848876,-0.3235750947435551,1
0.2553065094387411,0.10465828986319739,0.16174007735899906,0.11742074042163539,-0.8858180220787861,-0.9493533414001087,-0.859217181950268,-0.7494501039799198,-1.0394862029550076,-1.4000891578927674,-0.8171038797449519,-0.2611845827285513,-0.7894698689946821,-0.5458518004955678,-1.1165462729066595,-0.9520943831450706,-0.738790890011289,-0.8244190696485107,-0.1749564638855139,-0.8079146963509382,-0.04633631472541829,0.017727623734506707,-0.1348045730689335,-0.161912004046733,-1.2317424645674537,-0.9625536483639368,-0.9137465298098092,-0.8428445279299246,-0.4075280472944861,-1.240452884291633,1
-1.5704755453190011,-1.394469865174249,-1.534277245770781,-1.239612196876324,0.5688096576466009,-0.5159244402608462,-0.7827715782437992,-0.8610058451585105,-0.4491691013807466,1.1733763200161247,-1.0349493413716961,-0.9385437697965341,-0.9007774672676437,-0.7732391860471177,0.2653157640132702,-0.43075289731587024,-0.4417349911184005,-0.684242848747202,-0.5496860316193669,0.03908995974108526,-1.4011819458256425,-1.1515581331839746,-1.302142658312407,-1.0688399806505229,1.4027872540973085,-0.20066683267201418,-0.4669289321488163,-0.4322599423114557,0.10858954161216028,1.1118165757894856,1
-0.7575902391766652,0.24421676675857468,-0.5800863915325231,-0.7626682257381203,3.4870673544654522,3.430179564058808,1.8860211401495122,1.4819247562846183,2.8790604467587952,4.795598159352402,0.36754962536662783,-0.10137207035316517,0.31796379308515305,-0.28929603520780806,0.6585127264303182,2.6506636257547163,0.7352674413662528,1.1074239386738056,4.3838770423706075,1.8996827240380336,-0.2691248232973009,0.12561287674733804,-0.237470461078808,-0.5458120202043885,3.4228880618654225,3.763241262243144,1.8675675050687313,2.133968153008039,5.706244697261394,4.748355741090829,0
-0.6634336400095993,-0.39054920879782146,-0.650046588654547,-0.6561661739305604,0.8463817264956954,-0.1203255177736509,-0.44668305838865996,-0.09909833547722667,-0.7388952862024699,0.5521472879832784,0.15008434779158827,1.2175202021074396,0.16613407378194275,-0.20620006968023338,-0.15932398929780356,-0.40208100902184973,-0.46125005735648805,0.23763680222536934,-0.2754110769226008,-0.5268711555769527,-0.5627059420695948,0.36042195683408873,-0.5472640298549608,-0.5733869280813845,0.11204450602665303,-0.43561533674212544,-0.6440129238673712,-0.19585373420335964,-0.6648210886485414,-0.34760508922792555,1
-0.3752573819528218,-0.10242848230413788,-0.4024951219150769,-0.44287266256596314,0.05567642766611387,-0.4550923137851603,-0.7675566765352301,-0.7905359014303099,-0.15582133924875224,-0.13134300561187784,-0.6752952284591306,0.1251753372998548,-0.6617482470132653,-0.5308315385051606,-0.47666927058905645,-0.49350646414806626,-0.5246740226302725,-0.26166205668323383,-0.1918870166445736,-0.5920253598917239,-0.5106525522163512,0.04469893698771425,-0.5682162518977925,-0.5243250790015347,-0.11339343969801592,-0.44486527784724794,-0.6946735503641743,-0.4620340239371605,-0.25744043983795434,-0.6247510256143275,1
-0.3467250791749232,-1.3449491153081472,-0.36316838388790407,-0.41914122710884383,1.3040005427063632,-0.28742376518655066,-0.6300040692187359,-0.3695364959101738,-0.9380820382674045,0.27404698633828556,-0.6756754125108351,-0.30157675618606633,-0.6212261259830164,-0.5475476365267428,-0.3787752205890989,-0.29334422511433766,-0.4109377772114187,-0.24382431686133327,-0.9898804033549172,-0.24899727879665906,-0.45027061998658885,-0.7342960516784652,-0.41915615793593347,-0.4888716260168259,0.9872741776636047,-0.20313348363338027,-0.4500420566498819,0.02000835758299999,-0.8118456837080014,0.07745881320670994,1
1.339534014998894,0.48056580021042444,1.2960059951953666,1.2802610778204837,-0.3644326495108926,0.698436884510035,0.21114496832817103,0.329962207517353,0.546764658943926,-0.2697013646392377,0.9248994451655932,0.5554397936951254,0.7919187276667963,1.1889884593964506,0.1521865472914652,0.7242373198111843,0.2025671176484576,1.0269173253183241,0.10044719432852281,0.22222610159882028,1.7359717538496422,1.3742260255870182,1.6251820785289188,1.7914300091360396,0.7706769356928433,1.3977229902931523,0.8475089445249935,1.3494211021707185,1.1745178557932456,0.7807366517826086,0
-1.2395008330953754,-0.8902585938103033,-1.1513590070851458,-1.0112694825389195,0.8388797786889629,1.0729346631259766,3.9814718307443067,0.7894470435606391,2.7016031585554914,4.175752710909831,1.617974971423106,2.5469495632960917,0.6400890083635862,0.2587012651518827,1.2614363456353546,3.801866989710863,11.084046082842068,6.49347422826013,1.6558006411274666,9.16596133713185,-1.0790755694137715,-0.9865571579878797,-1.0704709460102404,-0.8810083029689088,-0.13991555095974126,0.13048105889137096,2.482341053638045,0.6393092553976591,0.30002781642916576,2.233216318393425,1
0.03560777804892024,0.2779809143945537,0.03382468735482465,-0.09037402370289771,-0.5032186839354399,0.13954172251467017,-0.47377300533318534,-0.4584690448217777,-1.0720803987474508,-0.37208655031948457,-0.1943624030527928,-0.34372511109825615,-0.03904122257374691,-0.19772088952435837,-0.9632221482378517,0.3947810939421557,-0.13071362294888078,0.2913078777956903,-0.5293693683084955,-0.3768403932088855,0.05152405819867943,0.24619051246756157,0.15852653553070847,-0.07882916472903147,-0.7543444618563891,0.535628479295736,-0.1209761854409178,0.29392990853948375,-0.5790567415305227,-0.2936711016074506,1
0.17256283138283443,0.18794318736527715,0.1302786869372602,0.10092449870144254,0.1989636307746998,-0.5980478110030223,-0.18530836480974608,0.11387171586371911,-0.7823542139257286,-0.492458322673287,0.2804874775262711,0.046147171839499124,0.18972923286284699,0.1508945460271866,-0.44101249741026405,-0.7553403119651596,-0.38166517785428733,-0.0891253343351141,-0.7551100717626238,-0.6089302345247456,0.5970435838606725,0.8205208299770458,0.4967552627935614,0.47535486046124087,0.6203849718763979,-0.42513207015632004,0.06249743484480155,0.6958800104864982,0.1790388267448181,-0.10249914548735058,0
1.410864771943641,1.1918638437417053,1.2587490854854129,1.2339558379041533,-0.42969959542946407,0.32584010984645856,0.7158343908563154,0.8971022343483701,0.546764658943926,-0.8978483146234514,0.5724688292354152,-0.966115818634925,0.11791787913835575,0.44766585148281046,-1.0393979818470904,-0.38747457536263175,0.14036284401455368,0.05452372086780386,-0.1298083231946881,-0.16799475451343013,1.7401360250379014,0.7459530815711184,1.379741763170035,1.3437854007432508,-0.32999068166877665,0.3981126881995817,1.3591356319386536,1.2124603266924763,1.5987450727877295,0.46994872311808894,0
-0.5007995141755762,-1.5542868306512139,-0.5275127522751442,-0.5369301811460094,0.5087940751927431,-0.6396797975598199,-0.6068724706861959,-0.2915254880929776,0.5684941228055549,-0.44680006419425866,-0.6194081728585522,-0.9626034557255758,-0.59250158449322,-0.5267130795723072,0.3132903315629184,-0.745602689525681,-0.47771589449487434,0.119244723761426,-0.1749564638855139,-0.5515240977501095,-0.5627059420695948,-1.5973780757811158,-0.593658235806945,-0.579116779068812,0.27117717359700866,-0.7982130280629272,-0.700606776890827,-0.3014028535664833,-0.13032542535946237,-0.874128968374346,1
-0.8859856016772095,-0.4715831631241698,-0.8222563046472217,-0.804921757161772,-0.5152218004262121,0.1490467422764961,0.06975771098756599,-0.31414868035996446,-1.1336472130220672,0.5009546951431559,-0.5380487857937645,0.28498784967524093,-0.009803742843061156,-0.5092701946802215,0.4818496229535736,1.1251027769030568,0.9697531591332729,0.9511463951014009,-0.6354674989319357,0.40923627722662265,-0.8000693998003857,0.18431514676902583,-0.49877460169869337,-0.7092918311894351,0.297699284858734,0.9383092487387352,0.9136872403991958,0.6154899900970955,-0.5698677043393066,0.6002446932111178,1
-0.2268894075077484,-1.254911388278871,-0.24022058184505643,-0.3120603598023298,-0.929329319357833,-0.3366597675528089,-0.4720412279029417,-0.5089161632102313,-0.6700853173073102,-0.9462737402830277,-0.8197651681068842,-1.1993367158157082,-0.6325107672825794,-0.579283996538732,-0.9100611409531069,-0.26250842072265534,-0.12857916257908994,-0.5030240406450596,-0.697546192381821,-0.4229766135615072,-0.40862790810399374,-1.3229052997337654,-0.30571484144688804,-0.4455396279244038,-0.6968798874559835,0.0768314004816606,0.04059013690023818,-0.3338566025385013,-0.2696924894262422,-0.5809630356650308,1
-0.8146548447324625,3.2672334517665185,-0.861169077010951,-0.7606423714917809,-1.3666928764903243,-1.2873518441306389,-1.0386169538847208,-1.0863536430731182,0.15563430943459983,-0.6225151801590056,-0.6654104431148106,0.7609130238920505,-0.6853434060941694,-0.5744387507353748,-0.8815357224100727,-1.015388929001682,-0.8926244980912131,-1.3000395128643254,-0.18398609202367905,-0.45079921972835535,-0.8000693998003857,2.5498579738591958,-0.8489760272717355,-0.7191400125740763,-1.4333105101565695,-1.154335760610143,-1.1616641182157863,-1.2525358910996223,-0.0016789046824345305,-0.5879050340716269,1
-1.1142440239004,-0.9938019798939705,-1.1194836509999635,-0.977408775850103,1.3040005427063632,-0.43437137070437964,-0.9659688906860004,-0.9182139175577878,3.40781073405844,0.9437014440307063,0.44434680381096026,0.3991396442290885,0.2497430070468862,-0.1102642027737624,0.14116536285438383,-0.7894219905033351,-0.7571777414824871,-0.5464344694151719,2.3747847816288656,0.7533209129862513,-1.0790755694137715,-1.3102129170263737,-1.1057904060252997,-0.9023161863284054,-0.21506153286796464,-0.9705085977143421,-1.1685101488234624,-1.315508073737988,0.9876740995718487,-0.20716312146371837,1
-0.45229459945314837,-0.5503661742747858,-0.5134379197180504,-0.486283824987523,-0.8183004918181948,-1.2379257413691442,-1.0447276542457233,-1.0866396834351146,-2.1259593960364684,-0.8369706366514127,-0.864246702156324,-0.8756724737191846,-0.9120621085672067,-0.6415454051118711,-0.6970929593306826,-1.2210150561820068,-0.9110113495624111,-1.3046173398982646,-0.7742980315562247,-0.8698992366720176,-0.5960201115756708,-0.9516531055425516,-0.6681882827878742,-0.5878906133933106,-0.97094170382715,-1.2734750020441208,-1.1790073957552323,-1.2849896400716405,-1.523996066027261,-1.192926895200323,1
0.4635923197174017,0.2284601645284513,0.3977005055220391,0.33852826102211325,-0.0035889600070709684,-0.2940772790198289,-0.28451447188513124,0.09566914737304,-0.666463739997039,-1.0085350018453394,-0.11034172762607289,-0.11190915908121263,-0.2149790391987508,0.043814613772994136,-0.7949870093306401,-0.15972240608371358,-0.3950817858929726,-0.29796896074550994,-0.6004776898965458,-0.4874264480999023,0.8135856856501656,1.1283111106313002,0.6733525628688563,0.7099206352590621,0.3993673780286827,0.608394682656033,0.057020610358660774,0.594648132959102,0.8038933557475234,0.11911080364628496,0
-0.489386593064417,0.5638506977125051,-0.4890139455748584,-0.5311420261564681,-0.6224996540624825,-0.17127242369703768,-0.35601214007661836,-0.2798238369203982,0.46346838080768077,0.17442896783858677,-0.3844544289051002,0.5062667129642374,-0.31910550209926347,-0.4414367534332218,0.010856064510069674,-0.035297230468152634,-0.16669452632535464,0.20132989816309352,-0.13658054429831207,0.22856542958620332,-0.4939954674633133,0.7602320121169343,-0.4592646972750683,-0.5332779711693905,-0.0868713284362906,-0.06006772787415242,-0.15657554460083337,0.0944435616472618,0.09174297342826397,0.45553072642746656,1
1.465076147221649,-0.16320394804889912,1.403637067690788,1.4539057275067229,0.69634277036105,0.4418013509407351,0.5364717284382248,1.0851087631878131,0.41638787577415093,-0.43849856265261644,1.2491964412696297,-0.03639335653020571,1.0319738244029533,1.5342122228856456,-0.20113965966202374,-0.13646030803384784,-0.09290318211258618,0.5880773544786413,-0.2562231171290003,-0.42473753800244685,2.0691134489104015,0.3858067222488726,1.894567790508182,2.2784673430673936,1.3276412721890851,0.5861948240037391,0.5029254039386304,1.4134353776659838,0.9570439756011279,-0.060847155047775554,0
-0.19265064417426958,-0.5278567425174673,-0.2530535174118183,-0.28138313835776085,-1.2489122959246275,-0.8839588054387464,-0.8302717591876245,-0.8706272027892981,-0.5505732660683496,-0.7982302961237525,-0.9144309969813332,-1.056032309114263,-0.9177044292169881,-0.6287055037329746,-0.8701903854895477,-0.7077341578165971,-0.5484580096079416,-0.974066656826935,-0.8894257903178301,-0.612804268294813,-0.30660326399163623,-0.6359300856961776,-0.3904216819914785,-0.37427460626827197,-0.48912334923913103,-0.5453813045229123,-0.6449257279483948,-0.6592873147074546,-0.26203495843356195,-0.4410550677782539,1
-0.04998913028477575,-0.012390755274862162,-0.11851467679254117,-0.13523222487184283,-1.2084017777682734,-0.9542959516762582,-0.7295812714577447,-0.7153852972330774,-0.8077052550976286,-0.9462737402830277,-0.25595221942894036,-0.504591332346447,-0.39450742350997936,-0.26070908496800105,-1.0938555990656098,-0.7986186339183983,-0.5243690997203023,-0.8492024780736296,-1.1478988957728071,-0.562441829283936,0.043195515822160635,0.11292049403994638,-0.07194790694043851,-0.07524800786188916,-1.147755778905322,-0.7063302797520438,-0.5038974974302671,-0.4861510300539813,-0.8516648448699383,-0.42984107035221436,1
-0.349578309452713,0.46706014115603334,-0.3710337314933386,-0.3910686754095685,-1.5384874812644933,-0.38589576991906743,-0.34228161902254384,-0.768172745856047,-0.8040836777873573,-0.2268102733407565,0.38161643527969874,1.026096423547911,-0.14009005602892413,0.05011343331735852,-0.3460358197612987,1.0396280910454105,0.5870749071207756,0.27710082838001715,0.665927656481114,1.3795056441844293,-0.37531373859791783,0.2065268165069618,-0.4541763004932377,-0.40596784454248147,-1.6949953412722636,-0.3850489920341226,-0.4285911607458302,-0.8656217003735888,-0.6495060266631809,-0.1372091375203295,1
0.43791324721729286,0.01912244918538458,0.3480246259087674,0.315375641063948,-1.3216811896499305,-0.8991668370576678,-0.5794114285780468,-0.5133367869865391,-0.923595729026318,-1.1551948624143407,-0.6429795840642383,-0.3774437950280079,-0.6622611852541544,-0.41163849174257544,-1.3784614795290622,-0.8913965366056535,-0.591147217003758,-1.0230020492586984,-1.2032053681190684,-0.8695470517838296,0.3555158549416222,0.9458581092125414,0.2722671694775088,0.2078424424857104,-1.059348741366236,-0.46459848553817595,-0.23598949964987606,-0.4239231994562583,-0.35086231794865286,-0.8431569754833802,0
-0.4608542902865178,1.0680619690764506,-0.3155623325918519,-0.5027800667077158,1.6941018286564409,2.5880348131610313,1.7116064132464035,0.9678322147692948,0.8256261118348348,2.718839190351733,-0.3852147970085095,0.676616314067671,-0.40322737360509614,-0.36900032867303273,0.02284970639748159,2.5202876808705854,1.3701169399240372,0.4207498835829348,-0.32733143871705056,2.206787946537928,-0.2316463826029656,2.375337711632557,-0.2739871909248858,-0.2885058993002137,2.3399018520116197,4.945383735477798,3.775784436448314,1.5905911633389271,2.2266626141875063,6.590655318225871,0
0.6176667547180548,-0.11818508453426126,0.7123144097394255,0.4499502445707834,0.7938680918485691,1.45883846545611,1.3095866526541318,1.1001908913658045,0.2679032060530172,0.5618323731151936,-0.42437375433408475,-0.5205725835839857,-0.1852286212271759,-0.26846147825337247,-0.8154086157875848,0.4991900456543439,0.1897603554297126,0.06873077028347702,-0.7799415491425779,0.09403080229840598,0.48877253296592593,-0.09809036847044468,0.6015163730077193,0.2837629680691273,0.1827701360579226,1.3231067987118308,1.0264185444055958,0.8789906124845827,-0.21762127867601652,1.1865765586297488,0
-0.5778367316759028,0.7709374698798395,-0.5316524089095832,-0.5841036443107711,-2.000607466159201,0.07300658418188884,-0.11752164825449535,-0.47927198023969664,-2.169418323759727,0.5272427833583537,-1.062702777146133,0.3868463740463663,-0.5371042544771837,-0.7176399904535946,-0.660139576218116,1.0829064129986494,0.32179197544677346,0.7917117294366238,0.4413156565442564,1.2481406808903233,-0.7563445523236609,0.4762399490390401,-0.5819848549545102,-0.6878048899865812,-1.9615425594526081,0.4030459901223138,0.061584630763778174,-0.07377999953797007,-1.1043633676283855,0.5025227156413462,1
2.6291941005599178,1.660060024293941,2.7862823835935138,2.9964490322194814,1.3565141773534886,1.9949215800230926,3.2578362616782175,2.958933170956868,1.4412942545809957,-0.06769816045929303,0.5891969275104182,0.6081252373353627,0.9447743234517851,1.0656769537010116,0.7288538153375725,1.3863956456957347,1.74059827553773,2.0514034442929794,0.10834811894941698,0.4863647677397839,1.8567356183091677,1.1060994408933642,2.1010968363589506,1.9937653721295798,0.9386503070171066,0.9907255816677627,2.3344667925122415,2.3691833978511068,0.43786337429740885,0.18906478758967382,0
-1.6774716807361214,-0.5526171174505181,-1.6510155628619692,-1.2957573002748748,-0.7515331563382786,-0.8370040078153262,-0.9036249031972298,-1.0997975400869484,-0.11960556614603685,0.31140374327567355,-0.9224148620671302,-0.4513790342698075,-0.8879540112454131,-0.7502000422521545,0.6124830737813316,-0.49350646414806626,-0.5066835709420355,-0.9057149635270851,0.5587008223404031,-0.4338943450953336,-1.5071626475668465,-0.5946798418971536,-1.482930402796268,-1.1286453003317993,-0.11781379157496974,-0.7420967186918508,-0.9534535073343307,-1.317741129859916,0.29543329783355726,-0.5334370465737209,1
-0.7547370088988754,-0.446822788191119,-0.7423609316025436,-0.7282287035503496,0.9889187348236084,-0.16347830749234052,-0.8488265173688061,-0.7697329660123908,-0.5686811526197073,0.3930351751018149,-0.4357792758852232,1.219276383562114,-0.45554707417579704,-0.43101947495600396,-0.13436424807264888,-0.44535933097508823,-0.637800422229186,-0.33695941858630174,0.2291193952973758,-0.1014318106459073,-0.7126197048469365,0.16686312054636204,-0.7226640600992366,-0.6616624448564423,0.3949470261517289,-0.47384842664329846,-0.9156634183799587,-0.7463765034626412,-0.5024814316037205,-0.16657913077900383,1
-1.0001148127888047,-0.21947752744219665,-1.0255134453981916,-0.893480528501754,-1.0951223658866154,-1.1185426931606104,-0.8535270561080389,-0.9647604855553815,2.0642055519477,-0.705530195575421,-0.8254679288824535,2.3326954258257935,-0.7940863131626851,-0.6311281266346532,1.1803982247744627,-0.6639148568389431,-0.383189792404138,-0.08596821224274215,-0.4085980919605366,0.23877879134365407,-1.0957326541668093,-0.3804958837099152,-1.1210555963707913,-0.906434516725619,-1.5217175476956555,-1.1754872926038564,-1.085536257858428,-1.368654809439871,-0.3263582187720763,-0.8928189640844117,1
-0.1612651111185811,-0.09117376642547823,-0.14459451358950914,-0.264886896637568,0.7413544572014428,0.21368087665691246,-0.03872577517841009,0.14559619237604557,0.014392794334010353,-0.27523569900033285,-0.7045694004403859,0.20771586566956002,-0.6730328883128283,-0.4816522936010859,-0.5304785828406888,-0.32526198755485114,0.01656414256668596,0.31814341558085074,-0.8623369059033347,-0.4754521619015119,-0.292028314832728,0.23667122543701727,-0.28356534957303764,-0.35332483859548935,0.4612523043060434,0.005915185342388109,0.30165210407295306,0.4636421738060013,-0.37689792332376526,-0.38551908052548745,1
-0.3124863158414444,0.01236961965818942,-0.2927942211024359,-0.39251571415695385,-0.01709246605918902,0.17185878970487847,-0.22093350051761515,-0.48655300763596837,-0.14857818462820896,0.36259633611579606,-0.49622854010625683,-1.1368166560292934,-0.18471568298628674,-0.44870462213825746,-0.43809512505927184,0.376928786136445,0.34862519152414373,-0.29102329214229183,0.7584813448973067,0.26695358239868994,-0.37114946740965843,-0.5962663897355779,-0.22729366751514726,-0.42655949652854974,-0.15759695846755895,0.427095836995632,0.3021085061134648,-0.23188037297046252,1.0474028413147538,0.40480073807157446,1
1.5192875224996558,0.946511037586928,1.5526647065306027,1.462587959991035,0.5012921273860106,0.9949935010790042,1.4345220244074224,1.0570248003736222,0.6373040917007146,-0.3845388026319469,0.4766624482058523,1.0331211493666095,0.6216232316915739,0.5145302435691387,1.14474145159567,0.3753058490631984,0.2028720405584276,0.6212271364485454,0.12076385763939432,0.04754239705759631,1.134234567146146,0.7649916556322065,1.1402877969662455,0.9749262434275929,0.6159646199994441,0.25134695599830487,0.3107801448831879,0.6288883268286628,0.012104651104389182,-0.42396707170047954,0
0.8516316374968248,0.38377524365395277,0.8365041087726044,0.7784280402272525,1.1914713256053793,0.04068951699168053,0.7653137460061331,1.3295432543483614,-0.27171181317744175,-0.28630436772252116,1.5860395110799186,1.6073924850451948,1.667504304864702,1.1628241320583221,-0.20211211711235458,-0.41181863146132835,0.38186178871088655,0.913260929992939,-0.28218329802622477,-0.028529538791001254,0.9968136179335829,1.1806671892992917,1.0894038291479398,0.8764444295811795,0.5540796937220833,-0.31289945141416703,0.5216378875996116,1.0204175002066804,-0.44275268986081545,-0.43197706986193607,0
-0.5207721261201055,-0.3050133681200087,-0.5515227607548919,-0.5479276756261379,-0.7110226381819233,-0.6970901169212484,-0.6194897062493995,-0.6475157204321167,0.6083314732185424,-0.06908174404956609,-0.6802376211312905,-0.4064207890301385,-0.6879080972986157,-0.5490012102677498,-0.5058429940989775,-0.5389487021989667,-0.3828848694941679,-0.588897761557573,-0.3160444035443442,-0.46840846413775283,-0.5439667217224272,-0.07746524657093296,-0.6047329817438704,-0.5520790447218875,-0.47144194173131393,-0.4763150776046645,-0.38066894649209754,-0.47706993515814133,0.30768534742184594,-0.14735513519150778,1
-0.7547370088988754,-0.8790038779316436,-0.7671988714091791,-0.7230193640597624,0.02791922078120483,-0.6571690339215794,-0.6667424904174758,-0.5060557595902674,-0.24636077200554077,-0.5713225873188822,-0.8478987879330256,-0.3862247023013808,-0.8628200374418411,-0.6420299296922066,-0.6306417002247511,-0.5611288422000015,-0.5536416990774337,-0.48187132262616833,-0.6523980516909952,-0.7839661239541575,-0.8083979421769045,-0.5851605548666099,-0.8043777260662794,-0.7350761606328596,-0.5907914424090803,-0.5626478612524743,-0.6289516565304838,-0.43761927700408254,-0.3615828613384048,-0.8773329676389289,1
0.46644554999519205,-1.2076415815885013,0.4308177585975534,0.3243472812977371,-0.10486525539795687,-0.16804071697801706,-0.21746994565712788,0.28913644675968686,0.05060856743672576,-0.7677914571377327,-0.33160884571815885,-0.6993518556698572,-0.4375942357446742,-0.27209541260589026,-0.6034128916154914,-0.5643747163464944,-0.479240509044725,0.16186587200844574,-0.46277586078952754,-0.5226449369186974,0.2701482955823027,-1.0246343061100551,0.22437637623675066,0.09002238155672833,-0.444919830469588,-0.3770323764096831,-0.4874670239718446,0.34603455138446715,-0.2896020700072111,-0.7139290051452124,1
2.178383716669118,-0.46032844724551014,2.04114418939444,2.5941722604463604,-0.16338044829046774,-0.3391310726908838,0.3447392272326798,0.9475493527368236,-0.30792758628015715,-1.6934088790307698,3.072178969193258,-0.2857711230939953,2.5174429700181467,4.480121671326777,-0.4896353699267992,-0.7823892631859337,-0.3517827326772159,0.04978803772924605,-0.921029488801408,-0.7082463729937479,3.028977957804213,0.11609358971679429,2.774561116307108,4.065464619771406,0.17392943230401375,-0.5749811160593044,0.03830812669767948,1.0099965716376837,-0.6158128902953879,-1.0220469344225802,0
-0.6377545675094904,-0.07991905054681855,-0.6657772838654162,-0.64140637870723,-0.5482303707758338,-0.6550779295739777,-0.7699069459048464,-0.8914301382072172,-0.97429781137012,-0.3056745379863517,-0.6718735719937889,-0.6120696373725311,-0.7084256269341846,-0.5342232105675107,-0.5061671465824211,-0.4496871631704121,-0.36733380108569186,-0.7746943966936546,-0.5225971472048715,-0.31415148311143004,-0.6043486539521895,-0.11395584685468481,-0.6460387909140239,-0.5841303986828114,-0.19295977348319313,-0.4195821054932465,-0.5960907096136385,-0.6703037249089655,-0.5775252353319867,-0.22158111815434003,1
1.8588219255566514,0.437797879871518,1.9128148337268223,1.9401107466281928,0.936405100176482,1.1584798409824102,1.6064627835530398,1.6613500742641696,0.16649904136541424,-0.0773832455912083,0.7279641063826029,0.003998816927309324,0.708309794401853,0.8701712855355518,-0.13371594310576165,0.1259145188076611,0.24769570832403506,0.4949422527536726,-1.0858202023229218,-0.030642648120129092,1.5943865334488196,0.8014822559159583,1.6880387446574134,1.589094646142499,0.6203849718763979,0.639227819673108,1.0962480566038917,1.4461868674542586,-0.6617580762514692,0.3156227585406896,0
1.530700443610816,-0.10693036865560158,1.5112681401862096,1.4973168899282827,0.9664128914034109,0.785883066318834,1.690577687307731,1.8511768599526806,0.07595960860862573,-0.2254266897504825,0.634819013714972,0.3411856562248273,0.41337030589054874,0.6921085022621772,-0.5803980652909981,0.14863563783311137,0.30685075285823776,0.016638255759341924,-0.4085980919605366,-0.21237005042511212,1.6152078893901174,0.7427799858942705,1.4096735089455086,1.553283077471076,0.841402565724113,0.7181606504368199,1.4417444012712786,1.367285551146141,0.5420057957978601,0.3209627573149942,0
0.34375664805022693,0.7011582314321508,0.3033163342568231,0.17645992131495666,-0.40869414157061357,0.033085501182219826,-0.4351791083163273,-0.4051615228133602,-0.27171181317744175,0.054057195484784354,-0.7357444926801643,-1.2611543030202532,-0.759719451023107,-0.47583799863705734,-1.2280547272112468,-0.6292921992763523,-0.4499679096875937,-0.8911922019021749,-1.0237415088730364,-0.43635963931264926,0.33261236340619516,0.3683546960262088,0.20941050334901382,0.18008847676535752,-0.10013238406715326,0.45546232305134127,0.3892812958512071,0.12570634735425187,0.40263873173108033,0.7284046637944251,0
1.5563795161109248,-0.08892282324974676,1.56922333306836,1.6420207646668155,1.4240317076140798,1.1546778330776803,1.6175956384617491,1.5079284255570171,-0.036309288009791614,0.37919933919907856,2.7072022795568276,-0.09259116307979211,2.263025602537091,2.273112207897607,-0.33144895800633817,0.34879787686683994,0.72825421443694,0.895896758484894,-0.22010460457633965,0.3426733333590995,2.0253886014336766,0.08436263294831402,1.9244995362836557,2.1137341271788475,0.7574158800619807,0.9592757819103462,1.5261787787659502,1.2481892246433222,0.08561694863411962,0.8122426445510054,0
0.3951147930504451,1.0478034804948635,0.5053315780174606,0.236367325456709,1.6715959852362445,1.5881067342169426,1.411019330711259,0.9618513708366428,0.01801437164428149,1.1138822256343601,-0.2502494586533711,1.3123540006598666,0.05739116671342711,-0.16113928370901207,0.7972499893441651,1.2884784422765325,0.8444298431355548,1.3820935607101543,0.029338872740472154,0.769873602731085,0.18894500741124254,1.6851894019181206,0.32614431187336135,0.0660286305468749,1.8050392749001496,1.4840557739409619,1.4303343502584849,1.5206220715185208,0.15453472756824158,1.2079365537269666,0
0.8487784072190354,-0.04840584608657261,0.9027386149236335,0.710127811350665,1.3565141773534886,1.021607556412117,1.2625812652618047,1.5807386995197334,1.19140542017226,0.06512586420697268,-0.3916779258874879,-0.9390706242329364,-0.3447524141437246,-0.17422144737807635,-0.5013048593307677,-0.29767205730966156,-0.05936166201587325,0.3449789533660112,-1.0180979912866832,-0.5205318275895697,0.7053146347554191,-0.1298213252389244,0.7990658951258454,0.5666743605733697,1.6768490704684755,0.8470431631681934,1.0227673280815017,2.086329622406912,0.30155932262770163,0.34873075094137707,0
-1.2263759738175422,-0.5188529698145399,-1.204346612005969,-1.040210257486626,0.5763116054533334,-0.36916693513825366,-0.5639491300937288,-0.7913160115084819,-0.7895973685462708,1.0889777210094354,0.015499193488154681,0.3692845594996205,-0.040067099055525475,-0.39492239372099336,2.1949954979528297,0.20219256125024399,-0.16090099103592234,-0.2248815843071023,1.3566942090507468,0.29019778501909477,-1.072829162631382,-0.6724206859799294,-1.0513146287139372,-0.9051811118221192,0.6336460275072605,-0.49049832063251897,-0.674135458541146,-0.9053700993439047,-0.5805882477290586,0.032068823625122506,1
